"","date"
"1",2021-08-25
"2",2022-06-21
"3",2022-08-22
"4",2022-09-20
"5",2021-10-08
"6",2022-07-19
"7",2022-08-23
"8",2022-08-24 12:00:00
"9",2022-08-26
"10",2022-08-27 12:00:00
"11",2022-08-29
"12",2022-08-30 12:00:00
"13",2022-09-01
"14",2022-09-02 12:00:00
"15",2022-09-04
"16",2022-09-05 12:00:00
"17",2022-09-07
"18",2022-09-08 12:00:00
"19",2022-09-10
"20",2022-09-11 12:00:00
"21",2022-09-13
"22",2022-09-14 12:00:00
"23",2022-09-16
"24",2022-09-17 12:00:00
"25",2021-08-26
"26",2021-08-27 12:00:00
"27",2021-08-29
"28",2021-08-30 12:00:00
"29",2021-09-01
"30",2021-09-02 12:00:00
"31",2021-09-04
"32",2021-09-05 12:00:00
"33",2021-09-07
"34",2021-09-08 12:00:00
"35",2021-09-10
"36",2021-09-11 12:00:00
"37",2021-09-13
"38",2021-09-14 12:00:00
"39",2021-09-16
"40",2021-09-17 12:00:00
"41",2021-09-19
"42",2021-09-20 12:00:00
"43",2021-09-22
"44",2021-09-23 12:00:00
"45",2021-09-25
"46",2021-09-26 12:00:00
"47",2021-09-28
"48",2022-06-23
"49",2022-06-24 12:00:00
"50",2022-06-26
"51",2022-06-27 12:00:00
"52",2022-06-29
"53",2022-06-30 12:00:00
"54",2022-07-02
"55",2022-07-03 12:00:00
"56",2022-07-05
"57",2022-07-06 12:00:00
"58",2022-07-08
"59",2022-07-09 12:00:00
"60",2022-07-11
"61",2022-07-12 12:00:00
"62",2022-07-14
"63",2022-07-15 12:00:00
"64",2022-07-17
"65",2022-07-18 12:00:00
"66",2023-10-01
"67",2023-10-02 12:00:00
"68",2023-10-04
"69",2023-10-05 12:00:00
"70",2023-10-07
"71",2023-10-08 12:00:00
"72",2023-10-10
"73",2023-10-11 12:00:00
"74",2023-10-13
"75",2023-10-14 12:00:00
"76",2023-10-16
"77",2023-10-17 12:00:00
"78",2023-10-19
"79",2023-10-20 12:00:00
"80",2023-10-22
"81",2023-10-23 12:00:00
"82",2023-10-25
"83",2023-10-26 12:00:00
"84",2023-10-28
"85",2023-10-29 12:00:00
