seq_id,sum.taxonomy
f7e3adbeff07c41ffad9206ea68e8840,Eukaryota;Chordata;Actinopteri;Clupeiformes;Clupeidae;Clupea;Clupea pallasii
c3b3844ac25bd6f7b608958a69f79919,Eukaryota;Chordata;Actinopteri;Pleuronectiformes;Pleuronectidae;NA;NA
a575e028d706654e0f9581f2ee5961ac,Eukaryota;Chordata;Actinopteri;Pleuronectiformes;Cyclopsettidae;Citharichthys;Citharichthys sordidus
32e1a143eb8e58fba27eee9ae75eda34,Eukaryota;Chordata;Actinopteri;Osmeriformes;Osmeridae;Allosmerus;Allosmerus elongatus
7d43902114173918006cb5b752e01048,Eukaryota;Chordata;Actinopteri;Pleuronectiformes;Cyclopsettidae;Citharichthys;Citharichthys sordidus
68c667d1c0c8f8264dc012fef3d44916,Eukaryota;Chordata;Actinopteri;Gadiformes;Gadidae;Microgadus;Microgadus proximus
6e78160231eb0db6d19f8a226cb1019a,Eukaryota;Chordata;Actinopteri;Osmeriformes;Osmeridae;Allosmerus;Allosmerus elongatus
6db9018964dc4140e0ff2a6e1d98db11,Eukaryota;Chordata;Actinopteri;Uranoscopiformes;Ammodytidae;Ammodytes;Ammodytes hexapterus
6138231af71912d4b87b138c83de7a19,Eukaryota;Chordata;Actinopteri;Gadiformes;Merlucciidae;Merluccius;Merluccius productus
69e22b0c513be416156648ef853cf26b,Eukaryota;Chordata;Actinopteri;Clupeiformes;Clupeidae;Clupea;Clupea pallasii
9627bb4781de362de245da19349a4207,Eukaryota;Chordata;Actinopteri;Clupeiformes;Clupeidae;Clupea;Clupea pallasii
5b9c0bff3dd0be0021a5d6c7830e1919,Eukaryota;Chordata;Actinopteri;Carangiformes;Carangidae;Trachurus;NA
70a1138682757872555195c15b9d284e,Eukaryota;Chordata;Actinopteri;Clupeiformes;Clupeidae;Alosa;NA
dd4773a290c8ec2be79b501b8e7298ca,Eukaryota;Chordata;Actinopteri;Clupeiformes;Clupeidae;Clupea;Clupea pallasii
b6ce1d3f495db361de336d96e0d7237a,Eukaryota;Chordata;Actinopteri;Perciformes;Anoplopomatidae;Anoplopoma;Anoplopoma fimbria
de327441dc701f7b47d65ca1f6faf87c,Eukaryota;Chordata;Actinopteri;Perciformes;Sebastidae;Sebastes;NA
959145f6e2be1b5c26a7d5397f754e73,Eukaryota;Chordata;Actinopteri;Osmeriformes;Osmeridae;Allosmerus;Allosmerus elongatus
17c1c1a4e4589a977e3a74ded00b2741,Eukaryota;Chordata;Actinopteri;Perciformes;Sebastidae;Sebastes;Sebastes entomelas
2a710e68a60b375a53a1720d3fe6a9b7,Eukaryota;Chordata;Actinopteri;Pleuronectiformes;Pleuronectidae;NA;NA
850d3825e34ad8482f6751617f84f701,Eukaryota;Chordata;Actinopteri;Osmeriformes;Osmeridae;Thaleichthys;Thaleichthys pacificus
a374bdf79d71f8e8172bed1711abf7b5,Eukaryota;Chordata;Actinopteri;Osmeriformes;Osmeridae;Allosmerus;Allosmerus elongatus
c8b2e0909abfdf1a685309c257f62dcf,Eukaryota;Chordata;Actinopteri;Pleuronectiformes;Pleuronectidae;Pleuronectes;NA
32158881bd64d9d657fd5f8a90f13607,Eukaryota;Chordata;Actinopteri;Pleuronectiformes;Pleuronectidae;Microstomus;Microstomus pacificus
fdac3f4269392a4ca4c8af6046193aac,Eukaryota;Chordata;Actinopteri;Pleuronectiformes;Pleuronectidae;NA;NA
0953f26aa448e10b6e53f2ad5a6276db,Eukaryota;Chordata;Actinopteri;Perciformes;Zoarcidae;NA;NA
86cf7adc6e5d05e04c179c3e6028cb5f,Eukaryota;Chordata;Actinopteri;Pleuronectiformes;Pleuronectidae;Hippoglossus;NA
2dd39e84ee62caff0b6567f3e47ba73d,Eukaryota;Chordata;Actinopteri;Perciformes;Hexagrammidae;Ophiodon;Ophiodon elongatus
c2c5e318efa4599536a03b053d4fdaf9,Eukaryota;Chordata;Actinopteri;Clupeiformes;Clupeidae;Sardinops;NA
31bf5b448ff44644087dc16f9c65132e,Eukaryota;Chordata;Actinopteri;Pleuronectiformes;Pleuronectidae;Lepidopsetta;NA
093cbb97253cb6ed3ff426ac2bcaa5cb,Eukaryota;Chordata;Actinopteri;Gadiformes;Gadidae;Gadus;NA
b97a574926bd9a42cfeae7de26af96bd,Eukaryota;Chordata;Actinopteri;Pleuronectiformes;Cyclopsettidae;Citharichthys;Citharichthys stigmaeus
82d197a201524ad70dba9581c6b0b2eb,Eukaryota;Chordata;Actinopteri;Salmoniformes;Salmonidae;Oncorhynchus;Oncorhynchus kisutch
c30a19397f7675424c1d8466b564455c,Eukaryota;Chordata;Chondrichthyes;Chimaeriformes;Chimaeridae;Hydrolagus;Hydrolagus colliei
9b304ea1b8834d13f84ce7407a6daa35,Eukaryota;Chordata;Actinopteri;Pleuronectiformes;Pleuronectidae;Lyopsetta;Lyopsetta exilis
086c7e2e2de4106da172400808b482a6,Eukaryota;Chordata;Actinopteri;Salmoniformes;Salmonidae;Oncorhynchus;Oncorhynchus tshawytscha
e1887f43b0c236ff4d967b92535f4755,Eukaryota;Chordata;Actinopteri;Gadiformes;Gadidae;Gadus;Gadus macrocephalus
55f6b29006d79877c6f66c1de82176e1,Eukaryota;Chordata;Actinopteri;Osmeriformes;Osmeridae;Spirinchus;Spirinchus thaleichthys
1910e451497a0ae3d6fe9a3b2d5e68f5,Eukaryota;Chordata;Actinopteri;Perciformes;Liparidae;Liparis;Liparis pulchellus
0f8e57fd077d901044c114d3caaacfa1,Eukaryota;Chordata;Actinopteri;Pleuronectiformes;Cyclopsettidae;Citharichthys;Citharichthys stigmaeus
a9fd6fca151879171c192acacbfcbf5c,Eukaryota;Chordata;Actinopteri;Perciformes;Cottidae;Leptocottus;Leptocottus armatus
e7a8f290c24e1b7b1c49b7f8eb8b296e,Eukaryota;Chordata;Actinopteri;Pleuronectiformes;Pleuronectidae;Atheresthes;NA
0bb1678ef98cd28d1e76ac1c410469d2,Eukaryota;Chordata;Mammalia;Artiodactyla;Eschrichtiidae;Eschrichtius;Eschrichtius robustus
625af71481aac7520c50ad176868bd7f,Eukaryota;Chordata;Actinopteri;Pleuronectiformes;Cyclopsettidae;Citharichthys;Citharichthys sordidus
c7faf436f31da27dd590c43a8a0d1e94,Eukaryota;Chordata;Actinopteri;Osmeriformes;Osmeridae;Hypomesus;NA
e38aeb7c0494fe9e8c3ad33c1d6381c7,Eukaryota;Chordata;Actinopteri;Perciformes;Sebastidae;Sebastes;NA
24c534c40bac6830000adf62a9398e95,Eukaryota;Chordata;Mammalia;Artiodactyla;Balaenopteridae;Megaptera;Megaptera novaeangliae
9ccb35b65569257dc2ee1d5b9e5211ac,Eukaryota;Chordata;Actinopteri;Clupeiformes;Clupeidae;Clupea;Clupea pallasii
c04af0bcbe3ccbeb32afbb27f6925df9,Eukaryota;Chordata;Actinopteri;Perciformes;Cottidae;Artedius;Artedius harringtoni
95dc2d418d7fe02dacc8ae64b219e167,Eukaryota;Chordata;Actinopteri;Clupeiformes;Clupeidae;Sardinops;Sardinops sagax
a99c04cb8c205d37e071f92eae3aebe8,Eukaryota;Chordata;Actinopteri;Pleuronectiformes;Pleuronectidae;Eopsetta;Eopsetta jordani
e958ba91e09d8f24db17ec16d87918da,Eukaryota;Chordata;Actinopteri;Perciformes;Anarhichadidae;Anarrhichthys;Anarrhichthys ocellatus
8ef89acd01912a5f132e0bf08c1c221c,Eukaryota;Chordata;Actinopteri;Clupeiformes;Clupeidae;Clupea;NA
7dbd63c3016d061fca34fba08b136964,Eukaryota;Chordata;Actinopteri;Clupeiformes;Clupeidae;Clupea;NA
cbc71c3d5022d9d95f57a41808ead2fa,Eukaryota;Chordata;Actinopteri;Osmeriformes;Osmeridae;NA;NA
faaf00a6a9e27456d529c24fa60f6cec,Eukaryota;Chordata;Actinopteri;Salmoniformes;Salmonidae;Oncorhynchus;Oncorhynchus kisutch
0410926b261a789f47d8c9e88ca7f338,Eukaryota;Chordata;Actinopteri;Pleuronectiformes;Pleuronectidae;Glyptocephalus;Glyptocephalus zachirus
bad7c993e5d437c5439390e3aaf957d0,Eukaryota;Chordata;Actinopteri;Clupeiformes;Clupeidae;Clupea;Clupea pallasii
c00d7a2e3015e5d5df335501f025d824,Eukaryota;Chordata;Actinopteri;Osmeriformes;Osmeridae;Allosmerus;Allosmerus elongatus
d7d99c76d4a9117dfcfca33b69a22abe,Eukaryota;Chordata;Actinopteri;Pleuronectiformes;Cyclopsettidae;Citharichthys;Citharichthys sordidus
354a1af8d6fb4d5549e8a5d31ec04c86,Eukaryota;Chordata;Actinopteri;Osmeriformes;Osmeridae;Allosmerus;Allosmerus elongatus
b189e417627d898b6e477d1df634f9d8,Eukaryota;Chordata;Actinopteri;Salmoniformes;Salmonidae;Oncorhynchus;Oncorhynchus keta
9eb653f8fc07d2340455c99c78984919,Eukaryota;Chordata;Actinopteri;Salmoniformes;Salmonidae;Oncorhynchus;Oncorhynchus gorbuscha
822c2e20d105793015c00696aeb5c616,Eukaryota;Chordata;Actinopteri;Perciformes;Cottidae;Radulinus;Radulinus asprellus
63420473f7539316f38f6d9cb86dcff5,Eukaryota;Chordata;Actinopteri;Pleuronectiformes;Pleuronectidae;NA;NA
c84bb50e43820be5c2dbebd0695c1ca2,Eukaryota;Chordata;Actinopteri;Pleuronectiformes;Pleuronectidae;NA;NA
cee1f5813f7fe14cb96aadb59833b438,Eukaryota;Chordata;Actinopteri;Clupeiformes;Clupeidae;Clupea;Clupea pallasii
012d3be28e0a427ef9d829793374b852,Eukaryota;Chordata;Actinopteri;Osmeriformes;Osmeridae;Allosmerus;Allosmerus elongatus
870f6b9e6583f79ae5eb3975d440e84d,Eukaryota;Chordata;Actinopteri;Pleuronectiformes;Cyclopsettidae;Citharichthys;Citharichthys sordidus
f23c5c0b1919990346560c37ea996c8c,Eukaryota;Chordata;Actinopteri;Pleuronectiformes;Pleuronectidae;NA;NA
5a7effb169f649ddf1d04d1a95d40e81,Eukaryota;Chordata;Actinopteri;Osmeriformes;Osmeridae;Allosmerus;Allosmerus elongatus
23f341278625e5138d2ced97ca96c19a,Eukaryota;Chordata;Actinopteri;Gadiformes;Gadidae;Microgadus;Microgadus proximus
5c2b1724b963b0e9bbe3ac5354fb2d29,Eukaryota;Chordata;Actinopteri;Perciformes;Liparidae;Liparis;Liparis pulchellus
5e0130fbb9830ef635e40c7d0cb11b9f,Eukaryota;Chordata;Actinopteri;Perciformes;Agonidae;Agonopsis;Agonopsis vulsa
57246bd158f878043e2e95a2d120637c,Eukaryota;Chordata;Chondrichthyes;Squaliformes;Squalidae;Squalus;NA
2fb2b8f9a1e92e19342e2c3f1508887c,Eukaryota;Chordata;Actinopteri;Clupeiformes;Clupeidae;Clupea;Clupea pallasii
fb47b91b83d4b358807610e1e0ec1b78,Eukaryota;Chordata;Actinopteri;Clupeiformes;Clupeidae;Clupea;NA
e068b14d8148f55b2f00369bf6cfdf1e,Eukaryota;Chordata;Actinopteri;Clupeiformes;Clupeidae;NA;NA
a2340ea734d93b13b95d134ed9143aea,Eukaryota;Chordata;Actinopteri;Gadiformes;Gadidae;Microgadus;Microgadus proximus
8da663c0dd98d12b1fb7beffe4ccd448,Eukaryota;Chordata;Actinopteri;Pleuronectiformes;Cyclopsettidae;Citharichthys;Citharichthys sordidus
31964295d42b0f5baa462fb9a13668e0,Eukaryota;Chordata;Actinopteri;Osmeriformes;Osmeridae;Spirinchus;Spirinchus starksi
51c3070f48b628260fa9a4bd2de43840,Eukaryota;Chordata;Actinopteri;Pleuronectiformes;Pleuronectidae;NA;NA
66b5ae78a6f366c5825fbc3b6bafaed7,Eukaryota;Chordata;Actinopteri;Pleuronectiformes;Cyclopsettidae;Citharichthys;Citharichthys sordidus
de1aa472fcbfbedf39b12d01e88a826f,Eukaryota;Chordata;Actinopteri;Gadiformes;Gadidae;Microgadus;Microgadus proximus
038ad75367730f74a1b0c307b456e1e5,Eukaryota;Chordata;Actinopteri;Clupeiformes;Clupeidae;Clupea;Clupea pallasii
d712e5fe6b13a6521d9a3e78b0d7a0f7,Eukaryota;Chordata;Actinopteri;Pleuronectiformes;Pleuronectidae;NA;NA
f81eb6593c75de830ee84c3b4deffdc0,Eukaryota;Chordata;Actinopteri;Osmeriformes;Osmeridae;Allosmerus;Allosmerus elongatus
ad053d61f29eda02c344e243b8418ce2,Eukaryota;Chordata;Actinopteri;Pleuronectiformes;Cyclopsettidae;Citharichthys;Citharichthys sordidus
682d6d82cfa89819ce444a3e8cab4b8d,Eukaryota;Chordata;Actinopteri;Pleuronectiformes;Pleuronectidae;NA;NA
1415d3a5c73faa63d2095762f4863759,Unknown;NA;NA;NA;NA;NA;NA
9addedcb8702f9e2e73b3943150ad7d8,Eukaryota;Chordata;Actinopteri;Pleuronectiformes;Cyclopsettidae;Citharichthys;Citharichthys sordidus
31bb29f33579b3e95d0c983f21115ab0,Unknown;NA;NA;NA;NA;NA;NA
e6b3f000be63ac261a15f283ea32665b,Unknown;NA;NA;NA;NA;NA;NA
77665ec3ff56c248a563b2a6530e97fe,Eukaryota;Chordata;Actinopteri;Pleuronectiformes;Pleuronectidae;NA;NA
6e7efe34fb7269813d8d672993b14e5f,Eukaryota;Chordata;Actinopteri;Osmeriformes;Osmeridae;Allosmerus;Allosmerus elongatus
2fe5926c77a100ca0edd2d09385b6c40,Eukaryota;Chordata;Actinopteri;Clupeiformes;Clupeidae;Clupea;Clupea pallasii
3400f7f9641e35d3efac3b7da8266929,Eukaryota;Chordata;Actinopteri;Pleuronectiformes;Cyclopsettidae;Citharichthys;Citharichthys sordidus
dcb0e8d40ee439b76927e391561394d5,Eukaryota;Chordata;Mammalia;Artiodactyla;Phocoenidae;Phocoena;Phocoena phocoena
b815e7ca5e7a71e6e4d7073a47898e77,Eukaryota;Chordata;Actinopteri;Osmeriformes;Osmeridae;Allosmerus;Allosmerus elongatus
1a4e2e4056adf870ff7958adb7c5349b,Eukaryota;Chordata;Chondrichthyes;Squaliformes;Squalidae;Squalus;NA
7f0a57ee0459813d45d81b56e7ac62c1,Eukaryota;Chordata;Actinopteri;Clupeiformes;Clupeidae;Clupea;Clupea pallasii
c21cc7512f1d4838acabf411aa2978e1,Eukaryota;Chordata;Actinopteri;Clupeiformes;Clupeidae;Clupea;Clupea pallasii
bd8287fe9a39ce2ae277d62ce6aa42dc,Eukaryota;Chordata;Chondrichthyes;Rajiformes;Rajidae;Beringraja;Beringraja binoculata
3ad9b57f27aa36f964d2539f94d5caeb,Unknown;NA;NA;NA;NA;NA;NA
ff890959358111fa2145c5c4b16f21f9,Eukaryota;Chordata;Actinopteri;Osmeriformes;Osmeridae;Allosmerus;Allosmerus elongatus
32f9d552a86499c405261b44ee2d6708,Unknown;NA;NA;NA;NA;NA;NA
b9db57f86d2b53f67ca6ce6a3883116d,Unknown;NA;NA;NA;NA;NA;NA
968c9be1d367fc056ff606e3685fea5f,Eukaryota;Chordata;Actinopteri;Pleuronectiformes;Cyclopsettidae;Citharichthys;Citharichthys sordidus
716e5dba7ba8a1f3ceea976c94c8ed36,Unknown;NA;NA;NA;NA;NA;NA
2c7ebd02f95c5f64cf071b2f3d1c3bdd,Eukaryota;Chordata;Actinopteri;Pleuronectiformes;Pleuronectidae;NA;NA
33bf5fb137b31c8537105b763c38441e,Eukaryota;Chordata;Actinopteri;Pleuronectiformes;Pleuronectidae;NA;NA
1e3f0f623a7e462870810bace88f54eb,Eukaryota;Chordata;Actinopteri;Clupeiformes;Clupeidae;Clupea;Clupea pallasii
f3f179a733c220bb735e8c2b1430f0b5,Unknown;NA;NA;NA;NA;NA;NA
fc4d7ab6b7063ca8f54905e2fcec9339,Unknown;NA;NA;NA;NA;NA;NA
b452885d8ad5377f53c77326201bde19,Unknown;NA;NA;NA;NA;NA;NA
