seq_id,E2132.5B.OC0919,E1172.OC0622,E1032.OC0821.PCR1,E1033.OC0821.PCR1,E1229.OC0822.PCR1,E1266.OC0922.PCR1,E1032.OC0821.PCR2,E1033.OC0821.PCR2,E1034.OC0821.PCR2,E1265.OC0922.PCR2,E1034.OC0821.PCR3,E1229.OC0822.PCR3,E1231.OC0822.PCR3,E1265.OC0922.PCR3,E1267.OC0922.PCR1,E1323.OC1021.PCR1,E1324.OC1021.PCR1,E1325.OC1021.PCR1,E1240.TH042-PPS-0822,E1241.TH042-PPS-0822,E1242.TH042-PPS-0822,E1267.OC0922.PCR2,E1323.OC1021.PCR2,E1324.OC1021.PCR2,E1325.OC1021.PCR2,E1243.TH042-PPS-0822,E1244.TH042-PPS-0822,E1245.TH042-PPS-0822,E1246.TH042-PPS-0822,E1323.OC1021.PCR3,E1247.TH042-PPS-0822,E1248.TH042-PPS-0822,E1867.TH042-PPS-0623,E1250.TH042-PPS-0822,E1251.TH042-PPS-0822,E1252.TH042-PPS-0822,E1253.TH042-PPS-0822,E1254.TH042-PPS-0822,E1255.TH042-PPS-0822,E1256.TH042-PPS-0822,E1257.TH042-PPS-0822,E1258.TH042-PPS-0822,E1259.TH042-PPS-0822,E1260.TH042-PPS-0822,E1261.TH042-PPS-0822,E1262.TH042-PPS-0822,E1263.TH042-PPS-0822,E1275.TH042-PPS-0821,E1276.TH042-PPS-0821,E1277.TH042-PPS-0821,E1278.TH042-PPS-0821,E1279.TH042-PPS-0821,E1280.TH042-PPS-0821,E1281.TH042-PPS-0821,E1282.TH042-PPS-0821,E1283.TH042-PPS-0821,E1284.TH042-PPS-0821,E1285.TH042-PPS-0821,E1286.TH042-PPS-0821,E1287.TH042-PPS-0821,E1288.TH042-PPS-0821,E1289.TH042-PPS-0821,E1291.TH042-PPS-0821,E1293.TH042-PPS-0821,E1294.TH042-PPS-0821,E1295.TH042-PPS-0821,E1296.TH042-PPS-0821,E1322.CE042-PPS-0821,E1390.OC0722,E1391.OC0722,E1403.TH042-PPS-0622,E1406.TH042-PPS-0622,E1410.TH042-PPS-0622,E1412.TH042-PPS-0622,E1414.TH042-PPS-0622,E1416.TH042-PPS-0622,E1418.TH042-PPS-0622,E1420.TH042-PPS-0622,E1422.TH042-PPS-0622,E1426.TH042-PPS-0622,E1845.OC0623,E1846.OC0623,E1847.OC0623,E1849.TH042-PPS-0623,E1851.TH042-PPS-0623,E1852.TH042-PPS-0623,E1853.TH042-PPS-0623,E1854.TH042-PPS-0623,E1855.TH042-PPS-0623,E1857.TH042-PPS-0623,E1858.TH042-PPS-0623,E1859.TH042-PPS-0623,E1860.TH042-PPS-0623,E1861.TH042-PPS-0623,E1862.TH042-PPS-0623,E1863.TH042-PPS-0623,E1864.TH042-PPS-0623,E1865.TH042-PPS-0623,E1869.TH042-PPS-0623,E1870.TH042-PPS-0623,E1871.TH042-PPS-0623,E1872.TH042-PPS-0623,E1873.OC0723,E1874.OC0723,E1875.OC0723
f7e3adbeff07c41ffad9206ea68e8840,8161,0,11121,3459,0,2640,3603,5367,0,0,2084,0,0,0,2639,12772,11332,8856,0,1504,5779,4446,19862,5993,19994,3843,11438,4366,2789,22383,4266,0,0,4108,44560,18236,6949,4759,3046,2712,2885,24053,43158,11695,13976,6695,0,36387,7217,8731,3954,811,4200,0,0,1560,10214,8075,8448,0,10641,8033,40634,6345,41732,26070,26334,0,18017,11641,4721,8024,10045,11232,0,4128,3707,7498,5607,24534,0,3149,5102,4222,5798,0,3100,1,2903,2314,3869,2751,2034,15490,1703,4014,0,1281,12933,2186,2576,4184,0,3556,3862
c3b3844ac25bd6f7b608958a69f79919,0,5534,10135,2976,0,0,6845,0,2011,2889,0,2501,4937,5025,7020,0,3066,5709,2623,21947,16305,0,37,4768,0,18206,10971,6539,15632,0,5531,9722,10287,7874,0,2216,828,3419,10749,2647,16011,13786,2234,808,16199,7486,0,8344,26544,14299,1733,2922,10212,0,19736,13590,7314,11066,10562,10584,0,14680,0,9252,10803,1264,4012,0,4685,10723,22139,15575,9413,2326,3514,0,5060,8625,0,14097,15204,10692,2291,3438,0,6094,0,795,2259,8958,6723,8280,8702,15762,20601,21010,12071,11702,3751,13298,23577,4816,5515,5045,10534
a575e028d706654e0f9581f2ee5961ac,0,0,3036,5416,2878,3698,0,8599,0,10355,0,4633,0,5071,11759,2798,0,0,2573,9420,10518,8775,0,0,0,5616,10188,2097,8072,0,1334,5117,8002,3917,0,0,27647,6854,1762,2438,4052,1664,4668,3244,5417,7192,6450,5100,2933,9692,36318,1886,11370,4900,1396,2929,17626,7583,3545,4068,2607,5658,0,3604,5732,1134,2291,0,2875,3434,22211,3369,6377,1610,0,0,1189,2600,0,2243,0,12214,2466,3390,7752,2740,0,1726,4941,7570,1170,0,17753,2229,9147,3884,0,1315,9679,11966,2468,7306,2309,6198,22
32e1a143eb8e58fba27eee9ae75eda34,0,0,6004,0,0,0,0,0,0,0,0,0,0,1262,0,485,1706,8891,1676,7654,6363,0,5991,2437,0,2860,2313,1964,1630,0,0,0,9098,5636,23168,16924,1708,0,0,2880,10644,2532,5204,8022,33784,4394,2346,0,10314,13224,0,0,0,0,0,12893,7539,4092,5988,1430,0,0,8075,0,13877,0,4134,6769,2185,4297,10441,9603,26386,4363,12409,1,6234,0,3940,4312,7218,7151,5152,42845,2129,18123,1446,78824,0,0,1769,0,0,0,0,13185,0,7198,20,0,10460,4086,8504,12955,1144
7d43902114173918006cb5b752e01048,0,0,0,0,0,0,0,0,0,0,0,0,0,0,0,0,0,0,0,0,0,0,0,0,0,923,0,0,0,0,0,0,0,0,0,0,0,4,0,0,0,0,0,0,0,0,0,0,0,0,0,0,0,0,0,0,0,0,0,0,0,0,0,0,0,0,0,0,0,153,0,0,0,0,0,0,0,0,0,0,0,0,0,0,0,0,0,0,0,0,0,0,0,0,0,0,0,0,0,0,0,0,0,0,0
68c667d1c0c8f8264dc012fef3d44916,0,0,5858,0,0,0,1734,8007,4064,0,6796,0,0,0,0,5537,3123,6482,1199,0,0,0,0,7183,10651,1777,0,0,1867,0,0,1853,4240,1238,4139,0,0,0,0,2099,0,0,1274,2252,0,0,0,9051,14876,11983,1900,0,7435,0,6876,20954,25810,2700,5051,11391,0,1761,0,1372,2913,98,32509,0,1991,3848,3376,8318,3200,13417,5332,3576,7541,0,0,8157,0,5673,2383,0,0,2928,0,0,0,0,4508,0,0,0,0,0,2306,2481,2,0,0,832,4127,5960,5924
6e78160231eb0db6d19f8a226cb1019a,0,0,0,0,0,0,0,0,0,0,0,0,0,0,0,0,0,0,0,0,0,0,0,0,0,2794,973,0,1865,0,0,0,12101,0,10196,10509,1526,0,0,7692,221,2829,2437,4526,14462,15389,0,3831,1632,5435,0,0,0,0,6,3001,6998,0,3088,0,2738,0,6678,0,2577,0,0,9,2252,0,7199,7269,12040,2932,0,0,11,0,0,4151,2454,5614,3522,7822,0,347,0,700,0,0,0,0,0,0,0,1703,0,2329,2,0,2440,5016,5,4659,2680
6db9018964dc4140e0ff2a6e1d98db11,0,0,0,0,0,0,0,0,0,0,0,0,0,0,0,0,0,1,0,0,0,0,0,0,0,0,0,0,0,0,0,0,0,0,0,0,0,0,0,0,0,0,0,0,0,0,0,0,0,0,0,0,0,0,0,0,0,0,0,0,0,0,0,0,0,0,0,0,0,0,0,0,3,0,0,0,0,0,0,0,0,0,0,0,0,0,0,0,0,0,0,0,0,0,0,0,0,0,0,0,0,0,0,0,0
6138231af71912d4b87b138c83de7a19,0,0,0,5218,0,0,0,0,0,0,0,0,0,0,0,0,0,0,0,0,0,0,0,0,0,0,0,0,0,0,0,0,0,0,0,0,0,0,0,0,0,0,0,0,0,0,0,0,0,0,0,0,0,0,0,0,0,0,0,0,0,0,0,4103,1741,0,1886,0,0,2040,0,0,0,0,0,0,0,0,0,0,0,2986,0,0,0,0,0,0,0,0,0,0,0,0,0,0,0,0,0,0,0,0,0,0,0
69e22b0c513be416156648ef853cf26b,0,0,0,0,0,0,0,0,0,0,0,0,0,0,0,0,41125,0,0,0,0,0,20,51454,14,0,0,0,0,16,0,0,0,0,943,0,0,0,0,0,0,0,0,2551,1684,0,0,0,0,0,0,0,0,0,0,0,0,0,0,1862,13,0,0,0,2153,20,0,0,0,0,0,0,0,0,0,0,0,0,0,968,0,0,0,0,0,2,0,0,0,884,0,0,0,0,0,0,0,0,0,0,0,0,0,0,0
9627bb4781de362de245da19349a4207,0,0,2410,0,0,0,0,0,0,0,0,0,0,0,0,4519,0,15,0,0,0,0,4521,0,0,10,8,0,0,3632,0,0,0,2375,517,17,2573,0,0,0,0,23,4853,1386,14,0,0,4405,21,15,10,0,11,0,0,3137,2688,0,9,0,4346,10,62,0,978,242,34,0,3862,0,0,0,17,1418,0,0,0,0,0,0,1286,0,0,0,0,0,0,0,0,0,0,0,7,0,0,0,0,0,23,0,0,7,0,0,0
5b9c0bff3dd0be0021a5d6c7830e1919,0,0,0,0,0,0,0,0,0,0,0,0,0,0,0,0,0,0,0,0,0,0,0,0,0,1889,0,1988,0,0,0,0,0,2300,0,0,0,1946,0,0,0,0,0,0,3716,24,3882,0,0,2297,0,0,0,0,0,0,0,0,0,0,0,0,0,0,0,0,0,0,0,0,0,0,0,0,0,0,0,0,0,0,0,0,0,0,0,0,0,0,0,0,0,0,0,0,0,0,0,0,0,0,0,0,0,0,0
70a1138682757872555195c15b9d284e,0,0,0,0,0,0,0,0,0,0,0,0,0,0,0,0,0,0,0,0,0,0,5341,0,0,0,2119,0,0,0,0,0,0,0,0,0,0,0,1590,0,0,0,0,0,0,0,0,0,0,0,0,0,0,0,0,0,5849,0,1232,0,0,0,0,0,0,0,0,0,0,0,0,0,0,0,0,0,0,0,0,0,0,0,0,0,0,0,0,0,0,0,0,0,0,0,0,0,0,0,0,0,0,0,0,0,0
dd4773a290c8ec2be79b501b8e7298ca,0,0,0,0,0,0,0,0,0,0,0,0,0,0,0,4256,0,0,0,0,0,0,0,0,0,0,0,0,993,0,2721,0,0,0,1008,0,3915,0,0,0,0,863,0,0,0,0,0,4268,0,0,0,0,0,0,0,0,0,0,0,0,0,0,0,0,2948,156,0,0,0,0,0,0,0,0,0,0,0,0,0,0,0,0,0,0,0,0,0,0,0,0,0,0,0,3822,0,0,0,0,0,0,0,0,0,0,0
b6ce1d3f495db361de336d96e0d7237a,0,0,3396,0,0,0,0,0,0,0,0,0,0,0,0,0,0,0,0,0,0,0,0,0,0,0,0,0,0,0,0,0,0,0,0,0,0,1987,0,0,0,0,0,0,0,0,0,0,0,0,0,0,0,0,0,0,0,0,0,0,0,3346,0,0,0,0,0,0,0,0,0,0,0,0,0,0,0,0,0,0,0,0,0,3,0,0,0,0,0,0,0,0,0,0,0,0,0,0,0,0,0,0,0,0,0
de327441dc701f7b47d65ca1f6faf87c,0,0,0,0,0,0,0,0,0,0,3812,0,0,0,0,0,0,0,0,1675,0,0,0,0,0,0,0,0,0,0,1988,0,0,0,0,0,0,0,3191,0,0,0,0,0,0,0,0,0,0,1155,0,0,0,0,0,0,1195,0,0,0,0,1774,0,0,0,0,0,0,0,0,1922,0,0,0,0,0,0,0,0,0,2896,0,0,0,0,2894,0,0,0,0,0,0,12692,0,0,0,0,0,0,0,0,0,0,0,0
959145f6e2be1b5c26a7d5397f754e73,0,0,0,0,0,0,0,0,0,0,0,0,0,0,0,0,0,0,0,0,0,0,0,0,0,0,0,0,0,0,0,0,3497,1157,0,0,0,0,0,0,1339,0,1553,1335,19,0,0,0,0,0,0,0,0,0,0,0,0,37138,0,0,0,0,0,0,0,0,0,0,2291,0,32,0,15,0,0,0,1272,0,0,0,0,0,0,3105,0,0,0,40,0,0,0,0,0,0,0,0,2186,0,0,0,0,0,9,10,0
17c1c1a4e4589a977e3a74ded00b2741,0,0,0,0,0,0,0,0,0,0,0,0,0,0,0,0,0,0,0,0,0,0,0,0,0,0,0,0,0,0,0,0,0,0,0,0,0,2030,0,0,0,0,0,0,0,0,0,0,0,0,0,0,0,0,0,3393,0,0,0,0,0,0,17142,0,0,0,0,0,0,0,0,0,0,0,0,0,0,0,0,0,0,0,0,0,0,0,0,0,0,0,0,0,0,0,0,1930,10386,1364,4074,1227,0,0,0,0,1360
2a710e68a60b375a53a1720d3fe6a9b7,0,0,0,0,0,0,0,0,0,0,0,0,0,0,0,5331,3223,0,0,44,0,0,0,0,0,0,0,4,0,0,19,0,0,0,0,0,0,0,0,0,0,0,0,0,203,0,0,8,0,29,0,0,6,0,0,5,8,0,684,0,0,10,0,4869,0,0,0,0,2,0,1006,0,2597,0,0,0,0,0,0,0,0,0,4713,914,0,0,0,0,0,3223,10,0,0,10,0,0,0,0,0,0,0,26,2276,2193,0
850d3825e34ad8482f6751617f84f701,0,0,0,0,0,0,0,0,0,0,0,0,0,0,0,0,0,0,0,0,0,0,0,0,0,0,2051,0,0,0,0,0,0,0,0,0,0,755,0,0,0,0,0,0,515,0,0,0,0,0,0,0,0,0,0,0,0,0,0,0,0,0,0,0,0,0,0,0,1395,0,0,0,0,0,0,0,0,0,0,0,0,0,0,0,0,0,0,0,0,4075,901,0,0,0,0,0,0,0,0,0,0,0,0,0,0
a374bdf79d71f8e8172bed1711abf7b5,0,0,0,0,0,0,0,0,0,0,0,0,0,3,0,0,0,0,0,2290,1883,0,0,0,0,920,0,0,0,0,0,0,0,0,0,0,0,0,0,0,0,0,0,0,3925,0,0,0,0,0,0,0,0,0,0,0,2199,0,0,0,0,0,0,0,0,0,0,0,0,0,4141,0,0,0,0,0,0,0,0,0,0,0,0,477,5610,0,0,0,0,0,997,0,0,0,0,1762,0,0,0,0,0,0,1891,0,0
c8b2e0909abfdf1a685309c257f62dcf,0,0,0,0,0,0,0,0,0,0,0,0,0,0,0,0,0,0,0,0,44,0,0,0,0,0,0,0,0,0,0,0,0,0,0,0,0,0,0,0,0,0,0,0,0,0,0,0,0,0,0,0,0,0,0,0,0,0,0,0,0,0,0,0,0,0,0,0,9,0,0,0,0,0,0,0,0,0,0,0,0,0,0,0,0,0,0,0,0,0,0,0,0,0,0,0,0,0,0,0,0,0,0,0,0
32158881bd64d9d657fd5f8a90f13607,0,0,0,0,0,0,0,0,0,0,0,0,0,0,0,0,0,0,0,0,755,0,0,0,0,0,0,0,0,0,1826,0,0,0,0,0,0,0,0,2638,0,0,0,0,0,1181,0,0,0,2307,0,0,951,0,0,0,0,0,0,0,0,0,0,0,0,0,0,0,2370,0,0,0,0,0,0,0,0,0,0,0,0,0,0,0,0,0,0,0,0,0,0,0,0,0,0,0,2329,0,5175,0,0,0,0,0,0
fdac3f4269392a4ca4c8af6046193aac,0,0,0,0,0,0,0,0,0,0,0,0,0,0,0,0,0,0,0,1294,0,0,0,0,0,0,0,0,1828,0,906,0,0,0,0,0,0,0,0,0,0,0,560,0,0,0,0,0,0,0,0,0,2083,0,0,0,1034,1126,0,0,0,0,0,0,0,0,0,0,0,0,0,0,0,0,0,0,0,0,0,0,0,868,0,0,0,0,0,0,0,0,0,0,0,4300,0,0,0,0,0,0,0,1815,0,0,0
0953f26aa448e10b6e53f2ad5a6276db,0,0,0,0,0,0,0,0,0,0,0,0,0,0,0,0,0,0,0,0,0,0,0,0,0,0,0,0,0,0,0,0,0,0,0,0,0,0,0,0,0,0,0,0,0,0,0,0,0,0,0,0,0,0,0,0,0,0,0,0,0,0,0,0,0,0,0,0,0,0,0,0,0,0,0,0,0,0,0,0,0,0,0,0,0,3032,0,0,11142,0,0,2670,0,0,0,0,0,0,0,760,0,0,0,0,0
86cf7adc6e5d05e04c179c3e6028cb5f,0,0,0,0,0,0,0,0,0,0,0,0,0,0,0,0,0,0,0,0,0,0,0,0,0,0,0,499,0,0,0,0,0,0,0,0,0,0,0,0,0,0,0,0,7304,0,0,1143,0,1926,0,0,0,0,0,2801,0,0,0,0,0,3668,0,0,0,0,0,0,0,0,0,0,0,0,0,0,0,0,0,0,2513,0,0,0,0,0,0,0,0,0,0,0,0,0,0,0,0,0,0,0,0,0,0,0,1315
2dd39e84ee62caff0b6567f3e47ba73d,0,0,0,0,0,0,0,0,0,0,0,0,0,0,0,0,0,0,0,0,877,0,0,0,0,2137,0,0,0,0,0,0,0,0,0,0,0,0,0,0,0,0,0,0,0,0,0,0,0,0,0,0,0,0,0,1983,3217,0,0,0,5025,0,0,0,0,0,0,0,0,0,0,0,0,0,0,0,0,0,0,0,0,0,0,0,0,0,0,0,0,0,0,0,0,3955,0,0,0,0,2750,0,0,0,0,0,0
c2c5e318efa4599536a03b053d4fdaf9,0,0,0,0,0,0,0,0,0,0,0,0,0,0,0,0,0,0,0,0,0,0,0,0,0,0,0,0,0,0,0,0,0,0,0,0,0,1716,0,0,1503,0,0,0,877,1178,0,0,0,0,0,0,0,0,0,0,0,0,0,0,0,0,0,0,0,0,0,0,0,0,0,0,0,0,0,0,0,0,0,0,0,0,0,0,0,0,0,0,0,0,0,0,0,0,0,0,0,0,1227,0,0,0,0,0,0
31bf5b448ff44644087dc16f9c65132e,0,0,0,0,0,0,0,0,0,0,0,0,0,0,0,0,0,0,0,0,0,0,0,0,0,0,0,0,0,0,0,0,0,0,0,0,0,0,0,0,0,0,0,0,0,0,0,0,765,0,0,0,0,0,0,0,0,0,0,0,0,0,0,0,0,0,0,0,0,0,0,2787,0,0,0,0,0,0,0,0,0,0,0,0,0,0,0,0,0,0,0,0,0,0,0,0,0,0,0,0,0,0,0,0,0
093cbb97253cb6ed3ff426ac2bcaa5cb,0,0,0,0,0,0,0,0,0,0,0,0,0,0,0,0,0,0,0,0,0,0,0,0,0,953,0,0,0,0,0,1063,0,2252,0,0,0,0,0,0,0,0,0,0,0,0,0,0,0,0,0,0,0,0,0,0,0,0,0,0,0,0,0,0,0,0,0,0,0,0,0,0,0,0,0,0,0,0,0,0,0,1321,0,0,0,0,0,0,0,0,0,0,0,0,0,0,0,0,0,0,0,0,0,0,0
b97a574926bd9a42cfeae7de26af96bd,0,0,0,0,0,0,0,0,0,0,0,0,0,0,0,0,0,0,0,0,0,0,0,0,0,0,0,0,0,0,0,0,0,0,0,0,0,0,0,0,0,0,0,0,0,0,0,0,2669,0,0,0,0,0,0,0,0,0,0,0,0,0,0,0,1426,65,0,0,0,0,0,0,0,0,0,0,0,0,3466,0,0,2130,0,0,0,0,0,0,0,0,0,0,0,0,0,0,0,3602,0,0,0,0,0,0,0
82d197a201524ad70dba9581c6b0b2eb,911,0,0,0,0,0,0,0,0,1435,0,0,0,1135,257,0,0,0,0,0,0,0,0,0,5422,0,0,0,0,0,0,0,0,0,0,0,0,875,0,2186,0,0,0,0,0,0,0,0,0,0,0,0,0,0,0,0,0,0,0,0,0,0,0,0,0,6,0,0,0,0,0,0,0,0,0,0,0,0,0,0,0,0,0,0,0,0,0,0,0,0,0,0,0,0,0,0,0,0,0,0,0,0,0,0,0
c30a19397f7675424c1d8466b564455c,0,0,0,0,0,0,0,0,0,0,0,0,0,0,0,0,0,0,0,0,0,0,0,0,0,0,0,0,0,0,0,0,0,0,807,0,0,0,0,0,0,0,0,0,0,0,0,0,0,0,0,0,0,0,0,0,3033,0,0,0,0,1399,0,0,0,0,361,0,1647,2759,1271,0,0,0,0,0,0,0,0,0,0,0,0,0,0,0,0,0,0,0,0,2495,0,0,0,0,1238,0,0,0,0,0,0,0,0
9b304ea1b8834d13f84ce7407a6daa35,0,0,0,0,0,0,0,0,0,0,0,0,0,0,0,0,0,0,0,0,0,0,0,0,0,0,0,0,0,0,0,0,0,0,0,0,0,0,0,0,0,0,0,0,0,0,0,0,0,0,0,0,0,0,0,0,0,0,0,0,0,0,0,0,0,0,0,0,0,0,0,0,0,0,0,0,0,0,0,0,0,0,2492,0,0,0,0,0,0,0,1967,0,0,0,0,0,0,0,0,0,0,0,0,0,0
086c7e2e2de4106da172400808b482a6,0,0,0,0,0,0,0,0,0,0,0,0,0,0,0,0,0,0,0,0,0,0,0,0,0,0,0,0,0,0,0,0,0,0,0,0,0,0,0,0,0,0,0,4852,0,0,0,0,0,0,0,0,0,0,0,0,0,0,0,0,0,1542,0,0,0,0,0,0,0,0,2092,0,0,0,0,0,0,1103,0,0,1249,0,0,0,0,0,0,0,0,0,0,0,0,0,0,0,0,0,0,0,0,1834,0,0,0
e1887f43b0c236ff4d967b92535f4755,0,0,0,0,0,0,0,0,0,0,0,0,0,0,0,0,0,0,0,0,0,0,0,0,0,1889,0,0,986,0,0,0,0,0,0,0,0,912,0,0,0,0,0,0,0,0,0,0,0,0,0,0,0,0,0,0,0,0,0,0,0,0,0,0,0,0,0,0,0,0,0,0,0,0,0,0,0,0,0,0,0,0,0,0,0,0,0,0,0,0,0,0,0,0,0,0,0,0,0,0,0,0,0,0,0
55f6b29006d79877c6f66c1de82176e1,0,0,0,0,0,0,0,0,0,0,0,0,0,0,0,0,1734,0,0,0,0,0,0,0,0,0,0,0,0,0,0,0,6921,0,42,2173,0,0,0,0,0,0,0,0,0,0,0,0,0,0,0,0,0,0,0,0,0,0,0,0,0,0,0,0,0,0,0,0,0,0,0,0,0,0,0,0,0,0,0,0,0,0,0,0,0,0,0,0,0,0,0,0,0,0,0,0,0,0,0,0,0,0,0,0,0
1910e451497a0ae3d6fe9a3b2d5e68f5,0,0,0,0,0,0,0,0,0,0,0,0,0,0,0,0,0,0,0,0,0,0,0,0,0,0,0,0,0,0,0,0,0,0,0,0,0,0,0,0,0,0,0,0,0,0,0,0,0,0,0,0,0,0,0,0,0,0,0,0,0,0,0,0,0,0,0,0,109,0,843,0,2704,0,2996,0,2262,0,0,0,0,0,0,769,0,0,0,0,0,0,0,0,0,0,0,0,0,0,0,0,0,0,0,0,0
0f8e57fd077d901044c114d3caaacfa1,0,0,0,0,0,0,0,0,0,0,0,0,0,0,0,0,0,0,0,0,0,0,0,0,0,0,0,0,0,0,0,0,0,0,0,0,0,0,0,0,0,0,0,0,0,0,0,0,874,0,0,0,0,0,0,0,0,0,0,0,0,0,0,0,0,0,0,0,0,0,0,0,0,0,2190,0,0,0,0,0,0,0,0,848,0,0,0,0,0,4088,0,0,0,0,0,0,0,964,0,0,1356,0,0,0,1221
a9fd6fca151879171c192acacbfcbf5c,0,0,0,0,0,0,0,0,0,0,0,0,0,0,0,0,0,0,0,0,0,0,0,0,0,0,0,0,0,0,0,0,0,0,0,0,0,0,0,0,0,0,3085,0,0,0,0,0,0,0,0,0,0,0,0,0,0,0,0,0,0,0,0,0,0,0,0,0,0,0,0,0,477,0,3005,0,0,0,0,0,0,0,0,0,0,0,0,0,0,0,0,0,0,0,0,3690,0,0,0,0,0,0,0,0,0
e7a8f290c24e1b7b1c49b7f8eb8b296e,0,0,0,0,1646,0,0,0,0,0,0,0,0,0,0,0,0,0,0,0,0,0,0,0,0,0,0,0,0,0,0,0,0,0,0,0,0,0,0,0,0,0,0,0,0,0,0,0,0,0,0,0,0,0,0,0,0,0,0,0,0,0,0,0,0,0,0,0,0,2029,0,0,0,0,0,0,0,0,0,0,0,0,0,0,0,0,0,0,0,0,0,0,4348,0,0,0,0,0,0,0,0,0,0,0,0
0bb1678ef98cd28d1e76ac1c410469d2,0,0,0,0,0,0,0,0,0,0,0,0,0,0,0,0,0,0,0,0,106,0,0,0,0,0,0,0,0,0,0,0,0,0,0,0,0,0,629,0,0,0,0,0,0,0,0,0,0,0,0,0,0,0,0,0,0,0,0,0,0,0,0,0,0,0,0,0,38,0,0,0,0,0,0,0,0,0,0,0,0,0,0,0,0,0,0,0,0,0,0,0,0,0,0,0,0,0,0,0,0,0,0,0,0
625af71481aac7520c50ad176868bd7f,0,0,0,0,0,0,0,6,0,0,0,0,0,0,8,0,0,0,0,0,0,0,0,0,0,0,0,989,9,0,0,0,0,0,0,0,0,0,0,0,0,0,0,0,0,0,0,0,0,0,27,0,6,0,0,0,0,0,0,0,0,0,0,0,0,0,0,0,0,0,0,2991,0,0,0,0,0,0,0,0,0,0,0,0,0,0,0,0,0,0,0,0,0,0,0,0,0,0,0,1762,0,0,0,0,0
c7faf436f31da27dd590c43a8a0d1e94,0,0,0,0,0,0,0,0,0,0,0,0,0,0,0,0,0,0,0,0,0,0,0,0,0,0,0,0,0,0,0,0,0,2282,649,0,0,0,0,0,0,0,0,0,0,0,0,0,0,0,0,0,0,0,0,0,0,0,0,0,0,0,0,0,0,0,3936,0,0,0,0,0,0,0,0,0,0,0,0,0,0,0,0,0,0,0,0,0,0,0,0,0,0,0,0,0,0,0,0,0,0,0,0,0,0
e38aeb7c0494fe9e8c3ad33c1d6381c7,0,0,0,0,0,0,0,0,0,0,0,0,0,0,0,0,0,0,0,0,0,0,0,0,0,0,0,0,0,0,0,0,0,0,0,0,0,0,0,0,0,0,0,0,0,0,0,0,0,0,0,0,0,0,0,0,0,0,0,0,0,0,0,0,0,0,2968,0,0,0,0,0,0,0,0,0,0,0,0,0,0,0,0,578,0,0,0,0,0,0,0,0,0,0,0,0,0,2757,0,0,0,0,0,0,0
24c534c40bac6830000adf62a9398e95,0,0,0,1530,0,0,0,490,0,0,0,0,0,0,0,0,0,0,0,0,0,0,0,0,0,0,0,0,0,0,0,0,0,0,0,0,0,0,0,271,0,1,0,0,0,29,0,0,0,0,0,0,0,0,0,0,159,0,0,0,0,0,0,0,0,0,0,0,13,0,0,0,0,0,0,0,0,0,0,0,0,0,0,0,0,0,0,0,0,0,0,0,0,0,0,0,0,0,0,0,0,0,0,748,0
9ccb35b65569257dc2ee1d5b9e5211ac,0,0,0,0,0,0,0,0,0,0,0,0,0,0,0,0,0,0,0,0,0,0,0,0,0,0,0,0,0,0,0,0,0,0,0,0,0,0,0,0,0,0,6,0,0,0,0,0,0,1062,0,0,0,0,0,0,0,0,0,0,0,0,5,0,0,0,0,0,0,1707,0,0,0,0,0,0,0,0,0,0,0,0,0,0,0,0,0,0,0,0,0,0,0,0,0,0,0,0,1258,0,0,0,0,0,0
c04af0bcbe3ccbeb32afbb27f6925df9,0,0,0,0,0,0,0,0,0,0,0,0,0,0,0,0,0,0,0,0,0,0,0,0,0,0,0,0,0,0,0,0,0,0,0,0,0,0,0,0,0,0,0,0,0,0,0,0,0,0,0,0,0,0,0,0,0,0,0,0,0,0,0,0,0,0,0,0,0,0,2158,0,0,0,0,0,0,0,0,0,0,0,0,0,0,0,0,0,0,1228,0,0,0,0,0,0,0,0,0,0,0,0,0,0,0
95dc2d418d7fe02dacc8ae64b219e167,0,0,0,0,0,0,0,0,0,0,0,0,0,0,0,0,0,0,0,0,0,0,0,1955,0,0,0,0,0,0,0,0,0,0,0,0,0,0,0,0,0,0,0,0,1,0,0,0,0,0,0,0,0,0,0,0,0,0,0,0,0,0,0,0,0,0,0,0,0,0,0,0,0,0,0,0,0,0,0,0,0,0,0,0,0,0,0,0,0,0,0,0,0,0,0,0,0,0,0,0,0,0,0,0,0
a99c04cb8c205d37e071f92eae3aebe8,0,0,0,0,0,0,0,0,0,0,0,0,0,0,0,0,0,0,0,0,0,0,0,0,0,0,0,0,0,0,0,0,0,0,0,0,1679,0,0,0,0,0,0,0,0,0,0,0,0,0,0,0,0,0,0,0,0,0,0,0,0,1554,0,0,0,0,0,0,0,0,0,0,0,0,0,0,0,2447,0,0,0,0,0,0,0,0,0,0,0,0,0,0,0,0,0,0,0,0,0,0,0,0,0,0,0
e958ba91e09d8f24db17ec16d87918da,0,0,0,0,0,0,0,0,0,0,0,0,0,0,0,0,0,0,0,0,1535,0,0,0,0,0,0,0,0,0,837,0,0,0,0,0,0,0,0,0,0,0,0,0,1632,0,0,0,959,0,0,0,0,0,0,0,0,0,0,0,0,0,0,0,0,0,0,0,0,0,0,0,0,0,0,0,0,0,0,0,0,0,0,0,0,0,0,0,0,0,0,2411,0,0,0,0,0,0,0,0,0,0,0,0,0
8ef89acd01912a5f132e0bf08c1c221c,0,0,0,0,0,0,0,0,0,0,0,0,0,0,0,4516,0,0,0,0,0,0,30,0,20,0,0,0,0,27,0,0,0,0,0,0,0,0,0,0,0,0,0,0,11,0,0,23,17,0,0,0,0,0,0,0,11,14,0,0,0,0,52,0,34,47,0,0,0,0,0,0,0,8,0,0,0,0,0,0,0,0,0,0,0,0,0,0,0,0,0,0,0,0,0,0,0,0,12,0,0,0,0,0,0
7dbd63c3016d061fca34fba08b136964,0,0,0,0,0,0,0,0,0,0,0,0,0,0,0,0,0,0,0,0,0,1243,0,0,0,0,0,0,0,8,0,0,0,0,0,0,0,0,0,0,0,0,0,0,0,0,0,0,0,0,0,0,0,0,0,0,0,0,0,0,0,0,18,0,12,8,14,0,0,0,0,0,0,0,0,0,0,0,0,0,0,0,0,0,0,0,0,0,0,0,0,0,0,0,0,0,0,0,0,0,0,0,0,0,0
cbc71c3d5022d9d95f57a41808ead2fa,0,0,0,0,0,0,0,0,0,0,0,0,0,0,0,0,0,0,0,0,1795,0,0,0,0,0,0,0,0,0,0,0,7,0,1356,24,0,0,0,0,0,0,0,0,0,0,0,0,10,0,0,0,0,0,0,0,0,0,0,0,0,0,0,0,0,0,0,0,0,0,0,0,0,0,0,0,0,0,0,0,0,0,0,0,0,0,0,53,0,2237,0,0,0,0,0,0,0,0,0,0,0,0,8,0,0
faaf00a6a9e27456d529c24fa60f6cec,0,0,0,0,0,0,0,0,0,0,0,0,0,0,0,0,0,0,0,0,0,0,0,0,0,0,0,0,0,0,0,0,0,0,0,0,0,0,0,0,0,0,0,0,0,0,0,0,0,0,0,0,0,0,0,0,0,0,0,0,0,0,3565,0,0,0,0,0,0,0,0,0,0,0,0,0,0,0,0,0,0,0,0,0,0,0,0,0,0,0,0,0,0,0,0,0,982,1175,0,0,0,0,0,0,0
0410926b261a789f47d8c9e88ca7f338,0,0,0,0,0,0,0,0,0,0,0,0,0,0,0,0,0,0,0,0,1691,0,0,0,0,0,0,0,0,0,0,0,0,0,0,0,0,0,0,0,0,0,0,0,0,0,0,0,0,0,0,0,0,0,0,0,0,0,0,0,0,0,0,0,0,0,0,0,1836,0,0,0,0,0,0,0,0,0,0,0,0,0,0,0,0,0,0,0,0,0,0,0,0,0,0,0,0,0,0,0,0,0,0,0,0
bad7c993e5d437c5439390e3aaf957d0,16,0,7,0,0,0,0,0,0,0,0,0,0,0,0,11,7,0,0,0,0,0,12,5,9,0,0,0,0,29,0,0,0,0,31,20,2,0,0,0,0,17,36,10,0,0,0,32,0,9,0,0,0,0,0,0,0,0,0,0,0,0,31,0,2121,26,17,0,17,9,5,0,0,0,0,0,0,0,0,19,0,0,0,0,0,0,0,0,0,0,0,3,0,21,0,0,0,0,14,0,0,0,0,0,0
c00d7a2e3015e5d5df335501f025d824,0,0,0,0,0,0,0,0,0,0,0,0,0,0,0,0,0,17,0,0,0,0,0,0,0,0,0,0,0,0,0,0,7,0,0,0,0,0,0,0,0,0,1016,6,19,0,0,0,2254,0,0,0,0,0,0,18,0,0,0,0,0,0,0,0,0,0,0,0,0,0,0,0,23,0,8,0,0,0,0,0,0,0,0,30,0,0,0,61,0,0,0,0,0,0,0,0,0,0,0,0,0,0,1904,13,0
d7d99c76d4a9117dfcfca33b69a22abe,0,0,0,0,0,0,0,0,0,0,0,0,0,0,0,0,0,0,0,0,0,0,0,0,0,0,0,1030,0,0,0,0,0,0,0,0,0,0,0,0,0,0,0,0,0,0,0,0,0,0,20,0,0,0,0,0,16,0,0,0,0,0,0,0,0,0,0,0,0,0,0,0,0,0,0,0,0,0,0,0,0,0,0,0,0,0,0,0,0,0,0,0,0,0,0,0,0,0,0,4264,0,0,0,0,0
354a1af8d6fb4d5549e8a5d31ec04c86,0,0,0,0,0,2901,0,0,0,0,0,0,0,0,0,0,0,0,0,0,0,0,0,0,0,0,0,0,0,0,0,0,0,0,0,1077,0,0,0,0,0,0,0,0,1103,0,0,0,0,0,0,0,0,0,0,0,0,0,0,0,0,0,0,0,0,0,0,0,0,0,0,0,8,0,0,0,0,0,0,0,0,0,0,13,0,0,0,0,0,0,0,0,0,0,0,0,0,0,0,0,0,0,0,0,0
b189e417627d898b6e477d1df634f9d8,0,0,0,0,0,0,0,0,0,0,0,0,0,0,0,0,0,0,0,0,0,0,0,0,0,0,0,0,0,0,0,0,0,0,0,0,0,0,0,0,0,0,0,0,0,0,0,0,0,0,0,0,0,0,0,0,0,0,0,0,0,0,0,0,0,0,0,0,0,0,0,0,0,1321,0,0,0,0,0,0,0,2444,0,0,0,1348,0,0,0,0,0,0,0,0,0,0,0,0,0,0,0,0,0,0,0
9eb653f8fc07d2340455c99c78984919,0,0,0,0,0,0,0,0,0,0,0,0,0,0,0,0,0,0,0,0,0,0,0,0,0,0,0,0,0,0,0,0,0,0,0,0,0,0,0,0,0,0,0,0,0,0,0,0,0,2232,0,0,0,0,0,0,0,0,0,0,0,0,0,0,0,0,0,0,0,0,0,0,0,0,0,0,0,0,0,0,0,0,0,323,0,0,0,0,0,0,0,0,0,0,0,0,0,0,0,0,1192,886,0,0,0
822c2e20d105793015c00696aeb5c616,0,0,0,0,0,0,0,0,0,0,0,0,0,0,0,0,0,0,0,0,0,0,0,0,0,0,0,0,0,0,0,0,0,0,0,0,0,0,0,0,0,0,0,0,0,0,0,0,0,0,0,0,0,0,0,0,0,0,0,0,0,0,0,0,0,0,0,0,2270,0,0,0,0,0,0,0,0,0,0,0,0,0,0,0,0,0,0,0,0,0,0,0,2724,0,0,0,0,0,0,0,0,0,0,0,0
63420473f7539316f38f6d9cb86dcff5,0,0,0,0,0,0,0,0,0,0,0,0,0,0,0,0,0,0,0,0,25,0,0,0,0,0,0,0,0,0,0,0,0,0,0,0,0,0,0,0,0,0,0,0,0,0,0,0,0,12,0,0,0,0,2789,0,0,0,0,0,0,0,0,0,0,0,0,0,0,0,0,0,0,0,0,1902,0,0,0,0,0,0,0,0,0,0,0,0,0,0,0,0,0,0,0,0,21,0,0,0,0,0,0,0,0
c84bb50e43820be5c2dbebd0695c1ca2,0,0,0,0,0,0,0,0,0,0,0,0,0,0,0,0,0,0,0,0,0,0,0,0,0,0,0,0,0,0,0,0,0,0,0,0,0,0,0,0,0,0,0,0,0,0,0,0,0,0,0,0,0,0,0,0,0,0,0,0,0,0,0,0,0,0,0,0,0,0,0,0,0,0,0,0,0,0,0,0,2555,0,0,0,0,0,0,0,0,0,0,0,0,0,0,0,2168,0,0,0,0,0,0,0,0
cee1f5813f7fe14cb96aadb59833b438,0,0,0,0,0,0,0,0,0,0,0,0,0,0,0,0,0,0,0,0,0,0,0,0,0,0,0,0,0,0,0,0,0,0,0,0,0,0,0,0,0,0,0,0,0,0,0,9,0,0,0,0,0,0,0,0,0,0,0,0,0,3510,0,0,0,0,0,0,0,0,0,0,0,0,0,0,0,0,0,0,0,0,0,0,0,0,0,0,0,0,0,0,0,0,0,0,0,0,0,0,0,0,0,0,0
012d3be28e0a427ef9d829793374b852,0,0,0,0,0,0,0,0,0,0,0,0,0,0,0,0,0,0,0,0,0,0,6,0,0,0,0,0,0,0,0,0,6,0,9,0,0,0,0,0,0,0,0,0,18,0,0,0,0,12,0,0,0,0,0,399,0,0,0,0,0,0,0,3521,14,0,3,0,0,0,0,0,23,0,13,0,0,0,0,0,0,9,0,37,0,0,0,31,0,0,0,0,0,0,0,0,0,0,0,0,0,5,0,7,0
870f6b9e6583f79ae5eb3975d440e84d,0,0,0,0,0,0,0,0,0,0,0,0,0,0,0,0,0,0,0,0,0,0,0,0,0,0,0,0,0,0,0,0,0,0,0,0,0,0,0,0,0,0,0,0,0,0,0,0,0,0,0,0,9,0,0,0,0,0,0,0,0,0,0,0,0,0,0,0,0,0,0,0,0,0,0,0,0,0,0,0,0,0,0,0,0,0,0,0,0,0,0,0,0,0,0,0,0,0,2493,0,0,0,0,0,0
f23c5c0b1919990346560c37ea996c8c,0,0,0,0,0,0,0,0,0,0,0,0,0,0,0,0,0,40,0,0,3896,0,0,0,0,0,0,0,0,0,0,0,0,0,0,0,0,0,0,0,0,0,0,0,19,0,0,0,0,0,0,0,0,0,0,0,0,0,0,0,0,0,0,0,0,0,0,0,0,0,0,0,10,0,0,0,0,0,0,0,0,0,0,0,0,0,0,0,0,0,0,0,0,0,0,0,0,0,0,0,0,0,0,0,0
5a7effb169f649ddf1d04d1a95d40e81,0,0,0,0,0,0,0,0,0,0,0,0,0,0,0,0,0,0,0,0,0,0,0,0,0,0,0,0,0,0,0,0,0,0,25,0,0,0,0,0,0,0,0,0,1006,0,0,0,0,0,0,0,0,0,0,0,0,0,0,0,0,0,0,0,0,0,0,0,0,0,0,0,20,0,0,0,0,0,0,0,0,0,0,3031,0,0,0,0,0,0,0,0,0,0,0,0,0,0,0,0,0,0,0,0,0
23f341278625e5138d2ced97ca96c19a,0,0,3,0,0,0,0,0,0,0,0,0,0,0,0,7,0,0,0,0,0,0,0,0,0,0,0,0,0,0,0,0,0,0,0,0,0,0,0,0,0,0,0,0,0,0,0,0,0,0,0,0,0,0,0,2752,4,0,0,6,0,0,0,0,0,0,32,0,0,0,0,0,0,0,0,0,0,0,0,0,0,0,0,0,0,0,0,0,0,0,0,0,0,0,0,0,0,0,0,0,0,0,0,0,0
5c2b1724b963b0e9bbe3ac5354fb2d29,0,0,0,0,0,0,0,0,0,0,0,0,0,0,0,0,0,0,0,0,0,0,0,0,0,0,0,0,0,0,0,0,0,0,0,0,0,0,0,1459,0,0,0,0,0,0,0,0,0,0,0,0,0,0,0,0,0,0,0,0,0,0,0,0,0,0,0,0,0,0,0,0,0,0,0,0,2269,0,0,0,0,0,0,0,0,0,0,0,0,0,0,0,0,0,0,0,0,0,0,0,0,0,0,0,0
5e0130fbb9830ef635e40c7d0cb11b9f,0,0,0,0,0,0,0,0,0,0,0,0,0,0,0,0,0,0,0,0,0,0,0,0,0,0,0,0,0,0,0,0,0,0,0,0,0,946,0,0,0,0,0,0,0,0,0,0,0,0,0,0,0,0,0,0,0,0,0,0,0,0,0,0,0,0,0,0,0,0,0,0,0,0,0,0,0,0,0,0,0,0,0,0,0,0,0,0,0,0,0,0,0,0,0,2062,0,0,0,0,0,0,0,0,0
57246bd158f878043e2e95a2d120637c,0,0,0,0,10,547,0,0,0,0,0,10,0,104,12,0,0,0,54,29,0,6,0,0,0,0,0,0,0,0,0,0,0,0,0,0,19,0,0,0,0,0,0,0,0,213,0,0,0,0,0,0,0,0,0,0,0,0,0,0,0,0,0,0,0,0,0,0,0,0,140,0,0,0,0,0,0,0,0,0,0,7,0,0,375,0,63,0,0,0,0,0,0,0,0,0,0,0,0,0,0,0,0,0,0
2fb2b8f9a1e92e19342e2c3f1508887c,0,0,0,0,0,0,0,0,0,0,0,0,0,0,0,0,0,0,0,0,0,0,21,0,21,0,0,0,0,0,0,0,0,0,0,0,707,0,0,0,0,17,0,0,0,0,0,25,0,8,0,0,0,0,0,0,0,0,0,0,0,0,0,0,20,22,0,0,0,0,0,7,0,0,0,0,0,7,0,28,0,0,0,0,0,0,0,0,0,0,0,0,0,0,0,0,0,0,0,0,0,0,0,0,0
fb47b91b83d4b358807610e1e0ec1b78,0,0,0,3,0,0,0,0,0,0,0,0,0,0,0,0,0,0,0,0,0,0,0,0,24,0,0,0,0,21,0,0,0,0,0,0,0,0,0,0,0,0,14,0,0,0,0,20,0,0,0,0,0,0,0,0,0,0,0,0,0,0,21,0,0,28,0,0,0,0,0,0,0,14,0,0,0,0,0,13,0,0,0,0,0,0,0,0,0,0,0,0,0,0,0,0,0,0,0,0,0,0,0,0,0
e068b14d8148f55b2f00369bf6cfdf1e,0,0,0,0,0,0,0,0,0,0,0,0,0,0,0,0,0,0,0,0,0,0,0,0,0,0,0,0,0,0,0,0,0,0,0,19,0,0,0,0,0,14,0,0,0,0,0,18,0,0,0,0,0,0,0,0,0,0,0,0,0,0,30,0,0,0,0,0,0,0,0,0,0,0,0,0,0,0,0,0,0,0,0,0,0,0,0,0,0,0,0,0,0,0,0,0,0,0,0,0,0,0,0,0,0
a2340ea734d93b13b95d134ed9143aea,0,0,0,0,0,0,0,0,0,0,2,0,0,0,0,0,5,0,0,0,0,0,0,11,0,0,0,0,0,0,0,0,0,0,0,0,0,0,0,0,0,0,0,0,0,0,0,39,0,0,0,0,0,0,0,0,1341,0,0,0,0,0,0,0,5,0,0,0,0,0,0,0,0,4,0,0,0,0,0,3,0,0,0,0,0,0,1334,0,0,0,0,0,0,0,0,0,0,0,0,0,0,0,0,0,0
8da663c0dd98d12b1fb7beffe4ccd448,0,0,0,0,0,0,0,0,0,0,0,0,0,0,0,0,0,0,0,0,0,0,0,0,0,0,0,0,0,0,0,0,0,0,0,0,0,0,0,0,0,0,0,0,0,0,0,0,0,0,782,1761,0,0,0,0,0,0,0,0,0,0,0,0,0,0,0,0,0,0,0,0,0,0,0,0,0,0,0,0,0,0,0,0,0,0,0,0,0,0,0,0,0,0,0,0,0,0,0,0,0,0,0,0,0
31964295d42b0f5baa462fb9a13668e0,0,0,0,0,0,0,0,0,0,0,0,0,0,0,0,0,0,0,0,340,0,0,0,0,0,0,0,0,0,0,0,0,0,0,0,0,0,0,0,0,0,0,0,0,0,0,0,0,0,0,0,0,0,0,0,0,0,0,0,0,0,0,0,0,0,0,0,0,0,0,0,0,0,0,0,0,0,0,0,0,0,0,0,231,0,0,0,0,0,0,0,0,0,0,0,0,0,0,0,0,0,0,0,0,0
51c3070f48b628260fa9a4bd2de43840,0,0,0,0,0,0,0,0,0,0,0,0,0,0,0,0,0,0,0,0,0,0,0,0,0,0,0,0,0,0,0,0,0,0,0,0,0,0,0,0,0,0,0,0,0,0,0,0,0,0,0,0,0,0,1284,1130,0,0,0,0,0,0,0,0,0,0,0,0,0,0,0,0,0,0,0,0,0,0,0,0,0,0,0,0,0,0,0,0,0,0,0,0,0,0,0,0,0,0,0,0,0,0,0,0,0
66b5ae78a6f366c5825fbc3b6bafaed7,0,0,0,0,0,0,0,0,0,0,0,0,0,0,0,0,0,0,0,0,8,0,0,0,0,0,0,0,0,0,0,0,0,0,0,0,0,0,0,0,0,0,0,0,0,0,0,0,0,0,26,0,0,0,0,0,0,0,0,0,0,0,0,0,0,0,0,0,0,0,0,0,0,0,0,0,0,0,0,0,0,0,0,0,0,0,0,0,0,0,0,0,0,0,0,0,0,0,2345,0,0,0,0,0,0
de1aa472fcbfbedf39b12d01e88a826f,0,0,0,0,0,0,0,0,0,0,0,0,0,0,0,0,0,0,0,0,0,0,0,0,0,0,0,0,0,0,0,0,0,0,0,0,0,0,0,0,0,0,0,0,0,0,0,0,0,0,0,0,1555,0,0,0,0,0,0,0,0,0,0,0,0,0,0,0,0,0,0,0,0,0,0,0,0,0,0,0,0,0,0,0,0,0,0,0,0,0,0,0,0,0,0,0,765,0,0,0,0,0,0,0,0
038ad75367730f74a1b0c307b456e1e5,0,0,0,0,0,0,0,0,0,0,0,0,0,0,0,16,0,0,0,0,0,0,20,0,0,0,16,0,11,0,0,0,0,0,91,29,0,0,0,0,0,0,47,18,15,8,0,53,0,0,0,0,0,0,0,0,0,0,10,0,0,0,69,0,50,0,0,0,22,0,0,0,0,12,0,0,0,9,0,23,0,0,0,0,0,0,0,0,5,0,0,0,0,19,0,0,0,0,0,0,0,0,0,0,7
d712e5fe6b13a6521d9a3e78b0d7a0f7,0,0,0,0,0,0,0,0,0,0,0,0,0,0,0,0,0,0,0,0,0,0,0,0,0,0,0,0,0,0,0,0,0,0,0,0,0,0,0,0,0,0,0,0,0,0,0,0,0,0,0,0,0,0,0,0,0,0,0,0,0,0,0,0,0,0,0,0,0,0,0,0,0,0,0,0,1227,0,0,0,0,0,0,0,0,0,0,0,0,0,0,0,0,0,0,0,0,0,0,0,0,1008,0,0,0
f81eb6593c75de830ee84c3b4deffdc0,0,0,0,0,0,0,0,0,0,0,0,0,0,0,0,0,0,0,0,0,0,0,0,0,0,0,0,0,0,0,0,0,0,0,0,0,0,0,0,0,0,0,0,0,0,0,0,0,0,0,0,0,0,0,0,0,0,0,0,0,0,0,0,0,1809,0,0,0,0,0,0,0,0,0,0,0,0,0,0,0,0,0,0,0,0,0,0,300,0,0,0,0,0,0,0,0,0,0,0,0,0,0,0,0,0
ad053d61f29eda02c344e243b8418ce2,0,0,0,0,0,0,0,5,0,0,0,0,0,8,8,0,0,0,0,24,13,6,0,0,0,0,0,0,11,0,0,0,0,0,0,0,31,9,0,0,0,0,0,0,0,5,0,0,6,0,21,0,21,0,0,0,31,0,0,0,0,0,0,0,0,0,0,0,0,0,49,0,0,0,0,0,0,4,0,1076,0,0,0,0,0,0,436,0,0,0,0,0,18,0,8,13,0,0,12,0,0,6,0,0,0
682d6d82cfa89819ce444a3e8cab4b8d,0,0,0,0,0,0,0,0,0,0,0,0,0,0,0,0,0,0,0,0,0,0,0,0,0,0,0,0,0,0,0,0,0,0,0,0,0,0,1602,0,0,0,0,0,0,0,0,0,0,0,0,0,0,0,0,0,0,0,0,0,0,0,0,0,0,0,0,0,0,0,0,0,119,0,0,0,0,0,0,0,0,0,0,0,0,0,0,0,0,0,0,0,0,0,0,0,0,0,0,0,0,0,0,0,0
1415d3a5c73faa63d2095762f4863759,0,0,0,0,0,0,0,0,0,0,0,0,0,0,0,0,0,0,0,0,1,0,0,0,0,70,0,0,0,0,0,0,0,0,0,0,0,105,0,0,0,0,0,0,0,0,0,0,0,0,0,0,0,0,26,0,0,0,0,0,0,48,0,0,0,0,0,0,0,0,0,0,0,8,0,0,0,0,0,0,0,0,0,0,57,0,0,0,0,0,9,0,601,0,0,0,0,0,0,0,0,0,0,0,0
9addedcb8702f9e2e73b3943150ad7d8,0,0,0,0,0,0,0,0,0,0,0,0,0,0,0,0,0,0,0,0,0,0,0,0,0,0,0,0,0,0,0,0,0,0,0,0,0,0,0,0,0,0,0,0,0,0,0,0,0,0,0,0,0,0,0,0,797,0,0,0,0,0,0,0,0,0,0,0,0,0,0,0,0,0,0,0,0,0,0,0,0,0,0,0,0,0,0,0,0,0,734,0,0,0,0,0,0,0,3,0,0,0,0,0,0
31bb29f33579b3e95d0c983f21115ab0,0,0,0,0,10,0,0,0,0,0,0,0,0,0,0,0,0,0,0,0,0,0,0,0,0,29,0,135,0,0,0,6,0,0,0,0,0,0,0,0,0,9,0,0,0,0,0,0,0,0,0,0,0,0,0,0,0,0,0,0,0,0,0,0,0,0,0,0,0,0,0,0,0,0,0,0,162,233,0,0,0,0,0,0,177,0,0,0,1,0,0,0,0,0,0,0,0,0,0,0,0,0,0,0,0
e6b3f000be63ac261a15f283ea32665b,0,7,0,0,0,0,802,0,0,0,0,0,0,0,0,0,0,0,0,0,0,0,0,0,0,0,0,0,0,0,0,0,0,0,0,0,0,0,0,0,0,0,0,0,0,0,0,0,0,0,0,0,0,0,0,0,0,0,0,0,0,0,0,0,0,0,0,0,0,0,0,0,0,0,0,0,0,0,0,0,0,0,0,0,0,0,0,0,0,0,0,0,0,0,0,0,0,0,0,0,0,0,0,0,0
77665ec3ff56c248a563b2a6530e97fe,0,0,0,0,0,0,0,0,0,0,0,0,0,0,0,0,0,0,0,433,0,0,0,0,0,0,0,0,0,0,0,0,0,0,0,0,0,0,0,0,0,0,0,0,0,0,0,212,0,0,0,0,825,0,0,0,0,0,0,0,0,0,0,0,0,0,0,0,0,0,0,0,0,0,0,0,0,0,0,0,0,0,0,0,0,0,0,0,0,0,0,0,0,0,0,0,0,0,0,0,0,0,0,0,0
6e7efe34fb7269813d8d672993b14e5f,0,0,0,0,0,0,0,0,0,0,0,0,0,0,0,0,0,0,0,0,0,0,0,0,0,0,0,0,0,0,0,0,0,0,0,0,0,0,0,0,0,0,0,0,0,0,0,0,0,0,0,0,0,0,0,0,0,0,1119,0,0,0,0,0,0,0,0,0,0,0,0,0,0,0,0,0,0,0,0,0,0,0,0,0,0,0,0,327,0,0,0,0,0,0,0,0,0,0,0,0,0,0,0,0,0
2fe5926c77a100ca0edd2d09385b6c40,0,0,0,0,0,0,0,0,0,0,0,0,0,0,0,0,0,0,0,0,0,0,0,0,13,0,0,0,0,0,0,0,0,0,14,0,0,0,0,0,0,0,0,5,8,0,0,0,0,0,0,0,0,0,0,0,0,0,0,0,0,0,0,0,598,0,0,0,0,0,0,0,0,0,0,0,0,0,0,0,0,0,0,0,0,0,0,0,0,0,0,0,0,11,0,0,0,0,0,0,0,0,0,0,0
3400f7f9641e35d3efac3b7da8266929,0,0,0,0,0,0,0,0,0,0,0,0,0,0,0,0,0,0,0,0,0,0,0,0,0,0,0,0,0,0,0,0,0,0,0,0,0,0,0,0,0,0,0,0,0,0,0,0,0,0,0,0,0,0,0,0,0,0,0,0,0,0,0,0,0,0,0,0,997,0,0,0,0,0,0,0,0,0,0,0,0,0,0,0,0,0,0,0,0,0,0,0,0,0,0,0,0,0,0,0,0,0,0,289,0
dcb0e8d40ee439b76927e391561394d5,0,0,0,0,0,0,0,0,0,0,0,0,0,0,0,0,0,0,0,0,0,0,0,0,0,0,0,0,0,0,0,0,0,0,0,0,0,0,0,0,0,0,0,0,0,0,0,0,1,0,0,0,12,0,0,0,0,0,0,0,0,0,0,0,0,0,0,0,0,0,0,0,0,0,0,7,0,0,0,0,0,0,0,1,0,0,0,0,0,0,0,0,0,0,0,0,5,0,0,0,0,0,0,0,0
b815e7ca5e7a71e6e4d7073a47898e77,0,0,0,0,0,0,0,0,0,0,0,0,0,0,0,0,0,0,824,0,0,0,0,0,0,0,0,0,0,0,0,0,0,0,0,0,0,0,0,0,0,0,0,0,0,0,0,0,0,112,0,0,0,0,0,0,0,0,0,0,0,0,0,0,0,0,0,0,0,0,0,0,0,0,0,0,0,0,0,0,0,0,0,0,0,0,0,0,0,0,0,0,0,0,0,0,0,0,0,0,0,0,0,0,0
1a4e2e4056adf870ff7958adb7c5349b,0,0,0,0,235,0,17,0,0,214,0,0,0,0,0,0,0,0,0,0,0,19,0,0,0,0,0,9,0,0,0,0,0,0,0,0,0,0,0,0,0,0,0,0,0,0,0,0,0,0,0,0,0,0,0,0,0,0,0,0,0,0,0,0,0,0,0,0,0,0,0,0,0,0,0,0,0,0,0,0,0,0,0,0,0,0,0,0,0,0,0,0,0,0,0,0,0,0,0,0,0,0,0,0,0
7f0a57ee0459813d45d81b56e7ac62c1,0,0,0,0,0,0,0,0,0,0,0,0,0,0,0,0,0,0,0,0,0,0,0,0,0,0,0,0,0,0,0,0,0,0,0,0,0,0,0,0,0,0,0,0,0,0,0,349,0,0,0,0,0,0,0,0,0,0,0,0,0,0,0,0,511,0,0,0,0,0,0,0,0,0,0,0,0,0,0,0,0,0,0,0,0,0,0,0,0,0,0,0,0,0,0,0,0,0,0,0,0,0,0,0,0
c21cc7512f1d4838acabf411aa2978e1,0,0,0,0,0,0,0,0,0,0,0,0,0,0,0,0,0,0,0,0,0,0,0,0,0,0,0,0,0,0,0,0,0,0,0,0,0,0,0,0,0,0,0,0,0,0,0,0,578,0,0,0,0,0,0,0,0,0,0,0,0,0,0,0,0,48,0,0,0,0,0,0,0,0,0,0,0,0,0,0,0,0,0,0,0,0,0,0,0,0,0,0,0,0,0,0,0,0,0,0,0,0,0,0,0
bd8287fe9a39ce2ae277d62ce6aa42dc,0,0,0,0,10,0,0,0,0,0,0,0,1,0,0,0,0,0,0,4,1,0,0,0,0,175,0,111,0,0,0,1,0,92,0,0,0,0,6,0,0,0,0,11,0,0,0,0,0,84,0,0,10,0,0,0,0,0,0,0,0,0,0,0,0,0,0,0,0,0,0,0,0,0,0,0,0,0,0,0,0,0,0,0,0,0,0,0,0,14,0,0,19,0,2,0,5,0,0,0,0,0,0,0,0
3ad9b57f27aa36f964d2539f94d5caeb,0,0,0,0,0,0,0,0,0,0,0,0,0,0,0,4,0,0,0,0,0,0,0,0,0,0,0,0,0,0,0,0,0,0,0,0,0,0,0,0,0,0,386,0,0,0,0,0,0,0,0,0,0,0,0,0,0,0,0,0,0,0,0,0,0,0,0,0,0,0,0,0,0,0,0,0,0,0,0,0,0,0,0,0,0,0,0,0,0,0,0,0,0,0,0,0,0,0,0,0,0,0,0,0,0
ff890959358111fa2145c5c4b16f21f9,0,0,0,0,0,0,0,0,0,0,0,0,0,0,0,0,0,0,0,0,0,0,0,0,0,0,0,0,0,0,0,0,0,0,314,0,0,0,0,0,0,0,0,0,0,0,0,0,0,0,0,0,0,0,0,0,0,0,0,0,0,0,0,0,0,0,0,0,0,0,0,0,0,0,0,0,0,0,0,0,0,0,0,0,0,0,0,207,0,0,0,0,0,0,0,0,0,0,0,0,0,0,0,0,0
32f9d552a86499c405261b44ee2d6708,0,0,0,0,0,0,0,0,0,0,0,0,0,0,0,0,0,0,0,0,0,0,0,0,0,0,0,0,0,0,0,0,0,0,0,0,0,0,0,0,0,0,0,0,0,0,0,0,0,0,0,0,0,0,0,0,0,0,0,0,0,0,0,0,0,0,0,0,0,0,0,0,0,139,0,120,0,0,0,0,0,0,0,0,0,0,0,0,0,0,0,0,0,0,0,0,0,0,0,0,0,0,0,0,0
b9db57f86d2b53f67ca6ce6a3883116d,0,187,0,0,0,0,0,0,0,0,0,0,0,0,0,0,0,0,0,0,0,0,0,0,0,0,0,0,0,0,0,0,0,0,0,0,0,0,0,0,0,0,0,0,0,0,0,0,0,0,0,0,0,0,0,0,0,0,0,0,0,0,0,0,0,0,0,0,0,0,0,0,0,20,0,117,0,0,0,0,0,0,0,0,0,0,0,0,0,0,0,0,0,0,0,0,0,0,0,0,0,0,0,0,0
968c9be1d367fc056ff606e3685fea5f,0,0,0,0,0,0,0,0,0,0,0,0,0,0,0,0,0,0,0,0,0,0,0,0,0,0,0,0,0,0,0,0,0,0,0,0,305,0,0,0,0,0,0,0,0,0,0,79,0,0,0,0,0,0,0,0,0,0,0,0,0,0,0,0,0,0,0,0,0,0,0,0,0,0,0,0,0,0,0,0,0,0,0,0,0,0,0,0,0,0,0,0,0,0,0,0,0,0,0,0,0,0,0,0,0
716e5dba7ba8a1f3ceea976c94c8ed36,0,0,0,0,0,0,0,0,0,0,0,0,0,0,0,0,0,0,0,0,0,0,0,0,0,0,7,0,0,0,0,0,0,0,0,0,0,0,0,0,0,0,0,0,0,0,0,0,0,0,0,0,0,0,0,0,0,0,0,0,0,0,0,0,0,0,0,0,0,0,0,0,0,0,0,0,0,6,0,0,0,0,0,0,0,0,0,0,0,0,0,0,0,0,0,0,0,0,0,0,0,0,0,0,0
2c7ebd02f95c5f64cf071b2f3d1c3bdd,0,0,0,0,0,0,0,0,0,0,0,0,0,0,0,0,0,0,0,0,113,0,0,0,0,0,0,0,0,0,0,0,0,0,0,0,0,0,0,0,0,0,0,0,0,0,0,0,0,0,0,0,0,0,0,0,0,0,9,0,0,0,0,0,0,0,0,0,0,0,23,0,0,0,0,0,0,0,0,0,0,0,0,0,0,0,0,0,0,0,0,0,0,0,0,0,0,0,0,14,93,0,0,0,0
33bf5fb137b31c8537105b763c38441e,0,0,0,0,0,0,0,0,0,0,0,0,0,0,0,0,0,0,0,0,0,0,0,0,0,0,0,0,0,0,0,0,0,0,0,0,0,0,0,0,0,0,0,1,141,0,0,0,0,0,0,0,0,0,0,0,0,0,0,0,0,0,0,0,0,0,0,0,0,0,0,0,0,0,0,0,0,0,0,0,0,0,0,0,0,0,0,0,0,0,0,0,0,0,0,113,0,0,0,0,0,0,0,0,0
1e3f0f623a7e462870810bace88f54eb,0,0,0,0,0,0,0,0,0,0,0,0,0,0,0,0,0,0,0,0,0,0,0,0,0,0,144,0,0,0,0,0,0,0,0,0,0,0,0,0,0,0,0,0,0,0,0,0,0,0,0,0,0,0,0,0,0,0,0,0,0,0,0,0,0,0,0,0,0,0,0,0,0,0,0,0,0,0,0,0,0,0,0,0,0,0,0,0,0,0,0,0,0,0,0,0,0,0,0,0,0,46,0,0,0
f3f179a733c220bb735e8c2b1430f0b5,0,0,0,0,0,0,0,0,0,0,3,0,0,0,0,0,0,0,0,0,0,0,0,0,0,0,0,0,0,0,0,0,0,0,0,0,0,0,0,0,0,0,0,0,0,0,0,0,0,0,0,0,36,0,0,0,0,0,0,0,0,0,0,0,0,0,0,0,0,0,0,20,0,0,0,0,0,4,0,0,0,0,0,0,0,0,0,0,0,0,0,0,0,0,0,0,0,0,0,20,1,0,0,0,0
fc4d7ab6b7063ca8f54905e2fcec9339,0,0,0,2,0,0,0,0,0,0,0,0,0,0,0,0,0,0,0,0,0,0,0,0,0,0,0,0,0,0,0,0,0,0,0,0,0,0,0,0,0,3,0,0,0,0,0,0,0,0,0,0,0,0,0,0,0,12,0,0,0,0,0,0,0,0,0,0,0,0,0,0,0,0,0,0,0,0,0,0,0,0,0,0,0,0,0,0,0,0,0,1,0,0,0,0,0,0,0,0,0,0,0,0,0
b452885d8ad5377f53c77326201bde19,0,0,0,0,0,0,0,0,0,0,0,0,0,0,0,0,0,0,0,0,0,0,0,0,0,0,0,0,0,0,0,0,0,0,0,0,0,0,0,0,0,0,0,0,0,0,0,0,0,0,0,0,0,0,0,0,0,0,0,0,0,0,0,0,0,0,0,0,0,0,0,0,0,0,0,0,0,0,0,0,18,0,1,0,0,0,0,0,0,0,0,0,0,0,0,0,0,0,0,0,0,0,0,0,0
