carat,cut,color,depth,table,price,x,y,z
0.52,Ideal,F,62.2,55,2783,5.14,5.18,3.21
0.55,Ideal,G,60.9,57,2789,5.28,5.3,3.22
0.64,Ideal,G,61.3,56,2790,5.54,5.58,3.41
0.72,Premium,I,63,57,2795,5.72,5.7,3.6
0.6,Very Good,G,61.6,56,2800,5.43,5.46,3.35
0.61,Ideal,G,62.3,56,2800,5.43,5.45,3.39
0.53,Ideal,F,61.9,54,2802,5.22,5.25,3.24
0.56,Very Good,E,61,59,2833,5.28,5.34,3.24
0.58,Very Good,E,60.6,59,2852,5.37,5.43,3.27
0.62,Fair,F,60.1,61,2861,5.53,5.56,3.33
0.62,Ideal,G,60.5,57,2868,5.52,5.56,3.35
0.62,Ideal,G,61.8,56,2869,5.43,5.47,3.37
0.63,Premium,E,60.3,62,2879,5.55,5.53,3.34
0.7,Very Good,H,62.8,56,2882,5.62,5.65,3.54
0.51,Very Good,E,63.3,58,2925,5.03,5.08,3.2
0.71,Ideal,I,61.5,56,2925,5.74,5.77,3.54
0.74,Ideal,I,62.1,53.9,2952,5.79,5.81,3.6
0.64,Ideal,G,61.7,58,2960,5.52,5.56,3.42
0.24,Ideal,G,61.7,56,559,3.99,4.01,2.47
0.24,Ideal,G,60.8,58,559,4.01,4.05,2.44
0.24,Ideal,G,61.8,55,559,3.99,4.02,2.47
0.24,Ideal,G,61.6,57,559,3.99,4.02,2.46
0.24,Ideal,G,61.3,57,559,4,4.03,2.46
0.25,Very Good,F,61.5,56,560,4.04,4.06,2.48
0.27,Very Good,F,60.4,58,560,4.18,4.2,2.53
0.57,Ideal,F,61.8,54,2974,5.33,5.35,3.3
0.64,Good,F,58.6,61,2980,5.69,5.71,3.34
0.6,Very Good,F,60.1,54,2988,5.5,5.58,3.33
0.76,Ideal,I,61.6,55,2988,5.92,5.89,3.64
0.52,Ideal,E,61.1,57,3033,5.17,5.21,3.17
0.72,Premium,H,58.7,59,3048,5.94,5.88,3.47
0.66,Very Good,G,60.5,59,3051,5.69,5.74,3.46
0.65,Ideal,H,61.5,55,3065,5.6,5.62,3.45
0.71,Very Good,H,63,57,3112,5.63,5.7,3.57
0.68,Very Good,G,62.7,56,3143,5.56,5.6,3.5
0.71,Ideal,H,61.2,56,3146,5.74,5.79,3.53
0.7,Ideal,H,62.2,55,3167,5.68,5.71,3.54
0.72,Premium,G,60.1,58,3185,5.89,5.86,3.53
0.71,Ideal,H,62,54,3190,5.71,5.75,3.55
0.71,Fair,F,58.7,62,3205,5.87,5.81,3.43
0.82,Premium,I,61.2,60,3224,6.03,5.99,3.68
0.71,Ideal,H,62.2,57,3234,5.7,5.74,3.56
0.72,Ideal,H,61.4,56,3257,5.76,5.8,3.55
0.67,Ideal,G,61.6,55,3271,5.61,5.65,3.47
0.72,Ideal,H,62.1,58,3283,5.72,5.75,3.56
0.71,Ideal,H,61.1,56,3290,5.74,5.78,3.52
0.71,Ideal,H,61.6,55,3290,5.75,5.78,3.55
0.73,Ideal,H,62.2,54,3301,5.76,5.82,3.6
0.76,Good,G,64.6,61,3304,5.72,5.8,3.72
0.7,Ideal,H,61.3,59,3309,5.69,5.72,3.5
0.27,Very Good,G,60.8,57,566,4.2,4.22,2.56
0.27,Ideal,H,61.6,56,566,4.18,4.21,2.58
0.27,Ideal,G,61.6,57,566,4.18,4.21,2.58
0.62,Ideal,G,61.8,56,3310,5.45,5.48,3.38
0.61,Very Good,E,61.7,58,3337,5.39,5.47,3.35
0.71,Premium,H,62.9,60,3349,5.74,5.67,3.59
0.71,Ideal,H,63,57,3354,5.68,5.72,3.59
0.8,Ideal,I,62.4,58,3357,5.9,5.96,3.7
0.63,Ideal,G,61.9,56,3363,5.5,5.52,3.41
0.76,Very Good,H,62.6,57,3367,5.8,5.83,3.64
0.5,Good,D,63.2,59,3378,4.99,5.04,3.17
0.5,Very Good,D,62.9,59,3378,4.99,5.09,3.17
0.73,Ideal,H,61.6,55,3378,5.8,5.82,3.58
0.62,Ideal,G,60.3,57,3378,5.54,5.61,3.35
0.27,Very Good,F,59.4,61,567,4.23,4.26,2.52
0.71,Premium,H,60.2,61,3384,5.8,5.76,3.48
0.71,Good,F,62.1,62,3393,5.68,5.79,3.56
0.7,Premium,E,62.9,59,3403,5.66,5.59,3.4
0.72,Very Good,G,63.3,54,3405,5.64,5.73,3.6
0.73,Ideal,H,61.4,59,3429,5.77,5.83,3.56
0.71,Very Good,H,60.2,61,3444,5.76,5.8,3.48
0.51,Ideal,D,62,56,3446,5.14,5.18,3.2
0.51,Ideal,D,62.1,55,3446,5.12,5.13,3.19
0.7,Premium,G,60,59,3447,5.75,5.79,3.46
0.35,Ideal,J,61.8,55,569,4.54,4.56,2.81
0.35,Ideal,J,61.8,53,569,4.58,4.61,2.84
0.55,Good,D,58,62,3509,5.31,5.41,3.12
0.53,Ideal,D,61.5,54,3517,5.27,5.21,3.22
0.65,Ideal,G,60.1,57,3536,5.61,5.65,3.38
0.7,Very Good,G,58.5,60,3543,5.83,5.87,3.42
0.71,Premium,G,61.9,58,3545,5.74,5.77,3.56
0.71,Premium,F,61.1,58,3578,5.8,5.72,3.52
0.71,Good,G,57.8,62,3583,5.82,5.95,3.4
0.7,Premium,G,62.2,58,3591,5.63,5.69,3.52
0.72,Very Good,G,60.7,56,3614,5.78,5.81,3.52
0.7,Very Good,E,63.4,58,3622,5.64,5.59,3.56
0.71,Premium,G,62,58,3642,5.67,5.72,3.53
0.9,Good,I,63.7,64,3669,6.07,6.02,3.85
0.7,Ideal,G,60.2,57,3672,5.78,5.84,3.5
0.9,Ideal,J,62.2,57,3677,6.17,6.14,3.83
0.7,Very Good,G,63,59,3725,5.58,5.62,3.53
0.9,Good,I,63.7,64,3734,6.02,6.07,3.85
0.71,Ideal,G,60.9,57,3739,5.74,5.79,3.51
0.63,Ideal,F,60.9,57,3749,5.53,5.57,3.38
0.74,Ideal,H,60.9,57,3760,5.83,5.85,3.56
0.71,Ideal,G,61.8,57,3772,5.7,5.75,3.54
0.8,Ideal,H,61.1,56,3774,6.02,5.96,3.66
0.73,Ideal,H,62.3,55,3785,5.77,5.79,3.6
0.53,Ideal,D,62.2,55,3812,5.17,5.19,3.22
0.53,Very Good,D,59.8,60,3827,5.22,5.28,3.14
0.63,Ideal,D,61.2,53,3832,5.55,5.6,3.41
0.73,Ideal,F,61.2,55,3880,5.86,5.8,3.57
0.7,Very Good,F,61.5,58,3887,5.65,5.7,3.49
0.7,Ideal,G,61.3,56,3949,5.72,5.73,3.51
0.72,Premium,E,61.3,60,3951,5.74,5.71,3.51
0.8,Ideal,H,62.4,54,3972,5.93,5.99,3.72
0.71,Ideal,H,61.2,56,4007,5.76,5.86,3.54
0.56,Very Good,D,62.5,59,4025,5.26,5.3,3.3
0.57,Very Good,D,61.3,57,4032,5.33,5.41,3.29
0.25,Premium,F,61.1,58,576,4.08,4.1,2.5
0.79,Ideal,H,61.3,56,4046,5.96,5.98,3.66
0.81,Ideal,H,61.6,58,4111,5.98,6.01,3.69
0.73,Ideal,G,62.3,56,4142,5.72,5.78,3.58
0.76,Premium,F,60.6,60,4150,5.89,5.85,3.56
0.59,Ideal,D,60.7,58,4161,5.45,5.49,3.32
0.65,Ideal,E,62.3,56,4184,5.52,5.56,3.45
0.8,Premium,G,62.6,58,4193,5.93,5.89,3.7
0.59,Ideal,D,60.9,57,4208,5.4,5.43,3.3
0.56,Ideal,D,62.4,56,4216,5.24,5.28,3.28
0.76,Premium,F,60.6,60,4223,5.85,5.89,3.56
0.72,Ideal,F,62,57,4228,5.71,5.78,3.56
0.8,Premium,G,62.6,58,4268,5.89,5.93,3.7
0.56,Ideal,D,61.9,57,4293,5.28,5.31,3.28
0.25,Ideal,G,61.1,57,582,4.06,4.07,2.48
0.74,Ideal,F,61.9,55,4383,5.79,5.84,3.6
0.56,Very Good,D,60.7,56,4440,5.34,5.36,3.25
0.28,Ideal,H,63,55,586,4.14,4.19,2.62
0.28,Ideal,H,62,56,586,4.2,4.23,2.61
0.27,Ideal,I,60.5,57,587,4.2,4.22,2.55
0.9,Premium,I,62.6,59,4516,6.15,6.12,3.84
0.9,Very Good,I,62.6,59,4596,6.12,6.15,3.84
0.76,Ideal,F,59.6,58,4596,5.95,5.96,3.55
0.56,Ideal,D,60.8,58,4632,5.35,5.31,3.24
0.7,Very Good,E,60.3,59,4679,5.72,5.76,3.46
0.81,Ideal,G,62.4,54,4751,5.93,5.99,3.72
0.76,Very Good,E,61.9,56,4798,5.83,5.85,3.62
0.63,Very Good,D,59.6,59,4800,5.55,5.59,3.32
0.82,Very Good,G,61.9,57,4844,5.96,6,3.7
0.59,Ideal,D,60.9,60,4916,5.41,5.39,3.29
0.7,Premium,D,60,59,5027,5.75,5.81,3.47
0.26,Good,E,59.6,61,597,4.13,4.16,2.47
1.11,Good,J,58.3,62,5361,6.77,6.84,3.97
0.26,Ideal,H,61.1,57,600,4.16,4.12,2.53
0.37,Ideal,J,61.9,54,601,4.63,4.68,2.88
1.16,Ideal,J,60.6,56,5519,6.79,6.86,4.14
0.9,Very Good,G,63.1,58,5670,6.18,6.09,3.87
0.26,Ideal,G,62.2,55,605,4.09,4.13,2.55
0.26,Ideal,G,62.5,57,605,4.06,4.1,2.55
0.9,Very Good,G,60.1,59,5754,6.22,6.26,3.75
0.92,Ideal,H,62.5,55,5758,6.25,6.3,3.92
0.9,Good,G,63.1,58,5771,6.09,6.18,3.87
0.9,Good,G,61.8,61,5855,6.12,6.17,3.8
0.93,Ideal,G,62.2,58,5879,6.25,6.22,3.88
0.29,Ideal,H,62.2,55,607,4.25,4.28,2.65
0.29,Ideal,H,60.7,57,607,4.3,4.33,2.62
0.29,Ideal,H,62.1,55,607,4.26,4.29,2.65
1.21,Good,J,62.1,60,6299,6.81,6.87,4.25
0.81,Ideal,F,61.5,55,6338,5.98,6.05,3.7
0.63,Ideal,D,62.5,55,6549,5.47,5.5,3.43
0.63,Ideal,D,62.5,55,6607,5.5,5.47,3.43
0.8,Ideal,F,60.8,56,6674,5.99,6.05,3.66
1.04,Very Good,H,62,55,6694,6.51,6.55,4.05
1.01,Premium,H,62.1,59,6702,6.47,6.41,4
1.05,Good,H,64.3,58,6703,6.5,6.35,4.13
0.9,Good,E,63.6,56,6804,6.11,6.02,3.86
0.28,Very Good,F,62.2,55,612,4.23,4.26,2.64
0.28,Good,E,64.6,58,612,4.09,4.12,2.65
0.8,Very Good,D,63.3,57,6834,5.85,5.87,3.71
1.18,Very Good,I,63.3,58,6867,6.69,6.73,4.25
0.95,Ideal,G,59.8,59,6951,6.36,6.43,3.82
1.2,Very Good,I,59.1,61,7141,6.91,6.99,4.11
1.19,Ideal,I,61.7,56,7207,6.78,6.81,4.19
1.01,Premium,G,61.3,58,7220,6.4,6.48,3.95
1,Premium,H,60.6,57,7235,6.54,6.47,3.94
0.3,Ideal,I,62,57,615,4.28,4.3,2.66
0.3,Ideal,I,62.5,56,615,4.26,4.28,2.67
1.05,Ideal,H,61.2,55,7329,6.62,6.59,4.04
1.01,Premium,G,61.3,58,7352,6.48,6.4,3.95
1.2,Ideal,I,61.5,56,7367,6.79,6.84,4.19
1.3,Premium,I,61.8,58,7621,6.95,7,4.31
1.17,Very Good,H,59.3,59,7644,6.92,6.98,4.12
1,Very Good,G,62.2,61,7682,6.38,6.41,3.98
0.9,Very Good,E,63.9,55,7747,6.05,6.09,3.88
1.3,Premium,I,61.8,58,7760,7,6.95,4.31
1.21,Ideal,H,61,57,7789,6.79,6.89,4.17
1,Premium,G,62.2,61,7822,6.41,6.38,3.98
1,Premium,G,61.4,59,7822,6.47,6.39,3.95
0.83,Very Good,D,59.7,53,7889,6.14,6.23,3.69
1.01,Very Good,G,60,61,7974,6.41,6.45,3.86
1.01,Very Good,G,63,60,7974,6.31,6.35,3.99
1,Very Good,G,58.3,62,8002,6.51,6.57,3.81
1.01,Premium,G,60,61,8120,6.45,6.41,3.86
1.01,Premium,G,63,60,8120,6.35,6.31,3.99
1.02,Ideal,G,62.5,57,8162,6.37,6.44,4
1.04,Very Good,G,61.7,58,8225,6.47,6.6,4.03
1.17,Ideal,H,61,53,8266,6.89,6.85,4.19
0.25,Ideal,G,61.7,56,624,4.04,4.1,2.51
1.21,Premium,H,62.2,58,8294,6.8,6.83,4.24
1.02,Ideal,G,62.5,57,8311,6.44,6.37,4
1.06,Very Good,G,61.2,57,8415,6.52,6.56,4
1.23,Ideal,H,61.3,57,8431,6.87,6.92,4.23
1.21,Premium,H,62.2,58,8446,6.83,6.8,4.24
1.02,Premium,G,61.8,59,8489,6.41,6.46,3.98
1.23,Ideal,H,61.3,57,8585,6.92,6.87,4.23
1.1,Very Good,G,60.5,55,8592,6.77,6.71,4.08
1.01,Very Good,G,62.8,57,8621,6.39,6.42,4.02
1.02,Very Good,G,62.3,59,8624,6.36,6.45,3.99
1.02,Premium,G,61.8,59,8643,6.46,6.41,3.98
1.09,Very Good,G,62.9,57,8650,6.52,6.58,4.12
1.04,Very Good,G,60.7,58,8655,6.52,6.65,4
1.01,Ideal,G,62.8,57,8778,6.42,6.39,4.02
1.22,Very Good,G,62,59,8793,6.8,6.85,4.23
1.04,Premium,G,60.7,58,8813,6.65,6.52,4
1.05,Ideal,G,62.5,56,8850,6.48,6.52,4.06
1.05,Premium,G,60.6,60,8850,6.57,6.59,3.99
1.01,Ideal,G,61.5,58,8869,6.44,6.47,3.97
1.01,Ideal,G,60.8,59,8869,6.47,6.5,3.94
1.08,Ideal,G,61.3,57,8873,6.59,6.62,4.05
1.04,Ideal,G,62.1,54,8921,6.53,6.55,4.06
1.02,Ideal,G,62.3,57,8955,6.43,6.5,4.03
1.01,Ideal,G,62.2,61,8957,6.34,6.4,3.96
1.12,Very Good,G,60.9,57,8962,6.68,6.79,4.1
1.12,Good,G,59.6,56,8973,6.8,6.85,4.07
1.05,Ideal,G,62.5,56,9012,6.52,6.48,4.06
1.05,Premium,G,60.6,60,9012,6.59,6.57,3.99
1.05,Very Good,G,58.9,61,9013,6.64,6.67,3.92
1.08,Ideal,G,61.3,57,9035,6.62,6.59,4.05
1.04,Premium,G,61.3,58,9039,6.52,6.43,3.97
1.1,Very Good,G,59.8,56,9053,6.75,6.82,4.06
1.01,Very Good,G,61.1,56,9063,6.45,6.48,3.95
1.12,Premium,G,60.9,57,9126,6.79,6.68,4.1
0.9,Very Good,D,62.4,54,9182,6.17,6.21,3.86
1,Very Good,F,63.9,56,9248,6.31,6.34,4.04
1.07,Ideal,G,61.5,57,9361,6.54,6.59,4.04
1.53,Premium,J,61.1,58,9424,7.41,7.45,4.54
1.06,Very Good,F,60.6,56,9433,6.62,6.69,4.03
1.12,Premium,G,61.2,58,9440,6.67,6.7,4.09
1.01,Good,F,62.7,59,9451,6.3,6.42,3.99
1.13,Premium,G,61.2,59,9525,6.71,6.78,4.13
1.07,Ideal,G,61.5,57,9532,6.59,6.54,4.04
1.53,Premium,J,61.1,58,9596,7.45,7.41,4.54
1.12,Premium,G,61.2,58,9612,6.7,6.67,4.09
1.01,Premium,F,62.3,57,9627,6.5,6.35,4
1,Good,F,60.7,64,9660,6.42,6.4,3.89
1.45,Very Good,I,60.6,61,9683,7.32,7.41,4.46
1.13,Premium,G,61.2,59,9698,6.78,6.71,4.13
0.27,Ideal,G,61.2,57,627,4.17,4.2,2.56
0.27,Ideal,G,62,56,627,4.14,4.17,2.58
1.12,Very Good,G,61,58,9820,6.7,6.72,4.09
1.08,Ideal,G,62.3,56,9831,6.55,6.59,4.09
1,Good,F,63.2,63,9867,6.24,6.26,3.95
1.16,Ideal,G,62.3,55,9901,6.73,6.79,4.21
1.16,Ideal,G,62,57,9901,6.7,6.73,4.16
1.11,Ideal,G,61.9,55,9931,6.64,6.68,4.12
1.01,Very Good,F,59.6,62,9965,6.47,6.56,3.88
1.01,Very Good,F,63.5,59,9972,6.29,6.41,4.03
1.2,Very Good,G,59.4,61,9987,6.92,6.95,4.12
1.02,Very Good,E,61.7,60,10029,6.38,6.52,3.98
1.03,Very Good,F,62.8,57,10032,6.4,6.47,4.04
1,Very Good,F,63.2,63,10046,6.26,6.24,3.95
1.11,Ideal,G,61.2,54,10053,6.71,6.73,4.11
1.09,Premium,G,61.3,58,10065,6.64,6.6,4.06
1.16,Ideal,G,62.3,55,10082,6.79,6.73,4.21
1.16,Ideal,G,62,57,10082,6.73,6.7,4.16
1.5,Very Good,I,62.9,58,10147,7.21,7.31,4.57
1.61,Premium,J,62.1,58,10165,7.47,7.53,4.66
1.2,Premium,G,59.4,61,10169,6.95,6.92,4.12
1.13,Ideal,G,61.7,57,10228,6.65,6.7,4.12
1.04,Very Good,F,63,55,10264,6.36,6.53,4.06
1.14,Ideal,G,61.1,57,10313,6.7,6.76,4.11
1.5,Premium,I,62.9,58,10332,7.31,7.21,4.57
1,Very Good,F,60.1,57,10346,6.45,6.52,3.9
1.61,Premium,J,62.1,58,10350,7.53,7.47,4.66
1.16,Ideal,G,59.9,57,10368,6.85,6.93,4.13
1.52,Ideal,I,62.2,57,10419,7.27,7.33,4.54
1.01,Very Good,F,61.9,59,10476,6.38,6.45,3.97
1.2,Very Good,G,60.9,55,10497,6.9,6.93,4.21
1.24,Premium,G,60.5,60,10508,6.95,6.91,4.19
1.04,Very Good,F,59.8,56,10515,6.64,6.71,3.99
1.24,Premium,G,60.5,58,10584,6.94,7,4.22
1.52,Ideal,I,62.2,57,10609,7.33,7.27,4.54
1.03,Ideal,F,63.1,55,10615,6.45,6.46,4.07
1.09,Very Good,F,61.1,58,10663,6.63,6.69,4.07
1.01,Ideal,F,62,58,10688,6.41,6.46,3.99
1.02,Very Good,E,63.5,58,10710,6.43,6.33,4.05
1.04,Ideal,F,61.8,55,10787,6.49,6.56,4.03
1.01,Very Good,F,59.2,60,10800,6.48,6.59,3.87
1,Very Good,E,63.1,56,10954,6.32,6.39,4.01
1.02,Very Good,F,62.5,58,10967,6.39,6.54,4.04
1.4,Ideal,H,60.9,57,10976,7.22,7.29,4.42
1.04,Ideal,F,61.8,55,10984,6.56,6.49,4.03
1.06,Ideal,F,61,57,10995,6.55,6.64,4.02
1.07,Very Good,F,59.4,59,11019,6.64,6.7,3.96
1.05,Premium,E,59.8,59,11025,6.65,6.62,3.97
1.22,Premium,G,59.2,58,11104,7.02,6.97,4.14
1.34,Ideal,H,60.9,57,11109,7.09,7.19,4.35
1.22,Ideal,G,61.7,56,11111,6.87,6.91,4.25
1.02,Ideal,F,62,58,11116,6.44,6.49,4.01
1.27,Ideal,G,61.5,58,11157,6.95,6.99,4.29
1.02,Premium,F,62.5,58,11167,6.54,6.39,4.04
1.06,Ideal,F,61,57,11195,6.64,6.55,4.02
1,Very Good,E,62.5,55,11214,6.28,6.39,3.96
1.1,Ideal,F,62,57,11233,6.65,6.57,4.1
1.04,Very Good,E,63.6,58,11269,6.41,6.43,4.08
1.03,Ideal,F,61.3,56,11365,6.53,6.55,4.01
1.28,Ideal,G,60.8,57,11372,7.02,7.05,4.28
1.24,Ideal,G,62.4,56,11376,6.86,6.89,4.29
1.01,Premium,E,62.6,58,11387,6.37,6.44,4.01
0.3,Good,I,63.3,57,631,4.23,4.3,2.7
0.3,Good,I,63.3,56,631,4.21,4.26,2.68
1.28,Ideal,G,62,55.6,11401,6.94,6.96,4.31
1.05,Very Good,F,59.7,55,11417,6.66,6.73,4
1.02,Very Good,E,58.1,59,11420,6.71,6.75,3.91
1.07,Ideal,F,62,57,11434,6.52,6.57,4.06
1.07,Very Good,E,58.6,63,11475,6.7,6.79,3.95
1.01,Premium,E,62.6,58,11491,6.44,6.37,4.01
1.02,Ideal,E,62.6,57,11500,6.41,6.47,4.03
1.25,Ideal,G,60.2,54,11511,6.99,7.03,4.22
1.06,Very Good,E,62.7,58,11518,6.48,6.54,4.08
1.02,Ideal,E,62.6,57,11605,6.47,6.41,4.03
1.09,Very Good,F,61.4,56,11631,6.62,6.68,4.08
1.25,Ideal,G,60.6,57,11705,6.97,6.99,4.23
0.3,Premium,I,60.5,59,631,4.32,4.34,2.62
0.25,Very Good,F,61.1,54,633,4.08,4.11,2.5
0.25,Very Good,E,61.3,56,633,4.1,4.13,2.53
1.05,Premium,E,59,58,11838,6.66,6.7,3.94
1.09,Ideal,F,61.4,55,11846,6.61,6.68,4.09
1.09,Ideal,F,61.6,55,11888,6.59,6.65,4.08
1.05,Premium,E,59,58,11946,6.7,6.66,3.94
1.02,Ideal,E,62.2,56,12030,6.44,6.38,3.99
1.54,Premium,H,62.5,58,12196,7.33,7.38,4.6
0.29,Good,F,56.8,65,633,4.37,4.4,2.49
0.31,Ideal,I,60.9,57,635,4.39,4.44,2.69
0.31,Ideal,I,61.7,55,635,4.36,4.39,2.7
0.31,Ideal,I,60.9,57,635,4.37,4.4,2.67
0.31,Ideal,I,62,54,635,4.38,4.4,2.72
0.31,Ideal,I,62,54,635,4.36,4.42,2.72
1.51,Very Good,I,62.1,59,12291,7.25,7.31,4.52
1.51,Very Good,I,62.2,62,12291,7.3,7.33,4.55
1.54,Premium,H,62.5,58,12308,7.38,7.33,4.6
1.51,Ideal,H,62.7,56,12437,7.26,7.38,4.59
1.14,Ideal,G,59,59,12458,6.81,6.91,4.05
1.3,Ideal,G,62.3,56,12467,6.95,6.99,4.34
1.06,Ideal,F,61.9,55,12539,6.54,6.57,4.06
1.13,Premium,F,60,58,12543,6.78,6.76,4.06
1.13,Premium,F,59.8,60,12549,6.82,6.76,4.06
1.01,Very Good,D,63.3,55,12581,6.36,6.28,4
1.06,Very Good,E,62.4,55,12642,6.5,6.54,4.07
1.14,Very Good,E,63.3,57,12647,6.63,6.71,4.22
1.13,Premium,F,59.8,60,12722,6.82,6.76,4.06
1.5,Ideal,I,61.3,56,12725,7.34,7.41,4.52
1.01,Ideal,E,61.4,57,12865,6.53,6.46,3.99
1.15,Very Good,E,59.2,57,12895,6.78,6.86,4.04
1.2,Very Good,F,62.3,60,12905,6.74,6.8,4.22
1.3,Ideal,G,61.3,56,12932,7.03,7.06,4.32
1.39,Ideal,G,60.6,55,12943,7.21,7.27,4.39
1.5,Very Good,H,63,59,12988,7.23,7.3,4.58
1.05,Ideal,F,61.7,56,13060,6.48,6.56,4.02
1.03,Ideal,F,62.3,57,13060,6.44,6.49,4.03
1.39,Ideal,G,60.6,55,13061,7.27,7.21,4.39
1.51,Premium,H,60.2,60,13075,7.41,7.44,4.47
1.5,Premium,H,63,59,13107,7.3,7.23,4.58
1.24,Ideal,G,62,55,13178,6.93,6.89,4.29
1.51,Premium,H,60.2,60,13194,7.44,7.41,4.47
1.53,Good,H,63.1,57,13248,7.25,7.34,4.6
1.06,Ideal,E,62,57,13344,6.49,6.54,4.04
1.28,Ideal,G,61.7,56,13360,6.95,6.99,4.3
1.53,Very Good,H,63.1,57,13369,7.34,7.25,4.6
1.55,Ideal,H,61.4,57,13421,7.42,7.47,4.57
1.37,Ideal,G,62.3,54,13439,7.11,7.15,4.43
1.55,Ideal,H,61.4,57,13544,7.47,7.42,4.57
1.26,Ideal,F,62.6,57,13671,6.94,6.84,4.31
1.25,Very Good,F,60.3,58,13953,6.96,7.03,4.22
1.5,Good,G,59.9,59,13998,7.39,7.46,4.45
1.26,Very Good,F,60,60,14095,7.04,7.09,4.24
1.2,Ideal,F,61.6,57,14300,6.84,6.79,4.2
1.2,Ideal,F,61.6,57,14430,6.84,6.79,4.2
1.04,Ideal,D,61.8,57,14494,6.49,6.52,4.02
1.35,Ideal,G,62.2,57,14616,7.07,7.11,4.41
1.04,Ideal,D,61.8,57,14626,6.52,6.49,4.02
1.51,Good,G,62.8,60,14654,7.18,7.24,4.53
1.66,Ideal,H,61.5,57,14724,7.59,7.62,4.68
1.32,Very Good,F,62.4,58,14842,6.97,7.01,4.36
1.18,Ideal,E,61.1,56,14847,6.78,6.91,4.18
1.66,Ideal,H,61.5,57,14859,7.62,7.59,4.68
1.01,Good,D,63.2,59,15081,6.34,6.38,4.02
1.01,Good,D,63.4,59,15081,6.26,6.39,4.01
1.48,Good,G,59.8,61,15164,7.54,7.34,4.45
1.09,Ideal,E,60.1,58,15193,6.68,6.72,4.03
1.01,Very Good,D,63.4,59,15219,6.39,6.26,4.01
1.02,Premium,D,61.5,60,15231,6.45,6.52,3.99
1.02,Very Good,D,62.7,57,15306,6.36,6.46,4.02
1.02,Premium,D,61.5,60,15370,6.52,6.45,3.99
1.27,Ideal,F,61.3,55,15377,6.98,7.02,4.29
1.54,Very Good,G,59.4,60,15444,7.55,7.61,4.5
1.11,Ideal,E,61.8,55,15464,6.65,6.69,4.12
1.21,Ideal,F,62.8,56,15497,6.75,6.84,4.27
1.02,Ideal,D,63,57,15575,6.39,6.35,4.01
1.04,Premium,D,60.6,56,15671,6.6,6.54,3.98
1.28,Premium,E,59.8,59,15806,7.1,7.07,4.24
1.06,Ideal,D,61.2,57,15813,6.57,6.61,4.03
1.3,Ideal,E,62.3,54,15874,6.97,7.03,4.36
1,Good,D,63.3,59,15928,6.33,6.37,4.02
1,Very Good,D,63.3,59,16073,6.37,6.33,4.02
1.01,Very Good,D,61.6,56,16087,6.43,6.46,3.97
1.01,Premium,D,61.6,56,16234,6.46,6.43,3.97
1.6,Ideal,H,61.5,53,16300,7.57,7.69,4.66
1.09,Good,D,58.7,61,16406,6.75,6.85,3.99
1,Ideal,D,60.7,57,16469,6.44,6.48,3.92
1.6,Ideal,G,59.8,54,16547,7.75,7.63,4.6
1.25,Ideal,E,61.8,55,16823,6.95,6.9,4.28
1.07,Ideal,D,60.9,54,17042,6.66,6.73,4.08
1.02,Very Good,D,61.7,59,17100,6.42,6.52,3.99
2.04,Ideal,J,61.5,58,17327,8.11,8.14,5
1.58,Ideal,G,62.2,57,17329,7.45,7.51,4.65
1.21,Ideal,E,61.8,56,17353,6.81,6.88,4.23
1.14,Good,D,61.7,63,17499,6.64,6.74,4.13
1.65,Ideal,G,62.4,55,17569,7.53,7.61,4.72
1.03,Ideal,D,62,56,17590,6.55,6.44,4.03
1.38,Very Good,F,58.2,60,17598,7.32,7.39,4.28
1.34,Premium,E,61.8,58,17663,7.15,7.08,4.4
1.65,Ideal,G,62.4,55,17729,7.61,7.53,4.72
1.07,Very Good,D,59,59,17909,6.63,6.72,3.94
0.28,Ideal,F,62.4,55,646,4.17,4.2,2.61
2.08,Ideal,J,61,55,17986,8.32,8.25,5.05
1.51,Premium,F,60.5,61,18102,7.5,7.4,4.45
1.14,Very Good,D,59.1,58,18112,6.83,6.9,4.06
1.07,Very Good,D,60.9,58,18114,6.57,6.67,4.03
1.09,Very Good,D,61.7,58,18231,6.55,6.65,4.07
1.07,Premium,D,60.9,58,18279,6.67,6.57,4.03
2.29,Premium,J,61.4,60,18426,8.45,8.49,5.2
1.33,Ideal,F,60.2,57,18435,7.12,7.17,4.3
1.04,Very Good,D,61.3,56,18542,6.53,6.55,4.01
1.5,Very Good,F,63.2,58,18552,7.2,7.32,4.59
2.29,Premium,J,61.4,60,18594,8.49,8.45,5.2
1.28,Ideal,E,60.7,57,18700,7.09,6.99,4.27
0.26,Ideal,G,61.7,54,648,4.15,4.18,2.57
0.26,Ideal,G,60.8,56,648,4.11,4.15,2.51
1.51,Ideal,G,61.7,55,18806,7.37,7.41,4.56
0.28,Ideal,G,61.3,57,650,4.25,4.27,2.6
0.28,Ideal,G,61.5,57,650,4.19,4.21,2.58
0.28,Ideal,G,62.4,55,650,4.17,4.2,2.61
0.28,Ideal,G,60.9,57,650,4.24,4.27,2.59
0.41,Very Good,J,60.8,56,651,4.83,4.87,2.95
0.31,Ideal,I,61.3,57,652,4.34,4.4,2.68
0.31,Ideal,I,62.2,54,652,4.36,4.39,2.72
0.32,Ideal,I,62.1,54,655,4.39,4.43,2.74
0.32,Ideal,I,61.6,56,655,4.4,4.43,2.72
0.32,Ideal,I,61.4,57,655,4.39,4.44,2.71
0.32,Ideal,I,61.7,55,655,4.4,4.42,2.72
0.26,Ideal,F,61.6,56,657,4.07,4.11,2.52
0.34,Ideal,I,62.2,53.5,668,4.5,4.52,2.8
0.27,Ideal,G,61,56,672,4.17,4.19,2.55
0.29,Ideal,G,60.6,57,673,4.28,4.31,2.6
0.29,Ideal,G,61.3,55,673,4.25,4.28,2.61
0.29,Ideal,G,62,56,673,4.23,4.27,2.63
0.32,Premium,I,60.3,58,673,4.41,4.45,2.67
0.32,Ideal,I,60.8,54,673,4.44,4.47,2.71
0.32,Ideal,I,62.2,57,673,4.35,4.37,2.71
0.32,Very Good,I,61.9,59,673,4.37,4.39,2.71
0.33,Ideal,I,62,54,675,4.46,4.48,2.77
0.33,Ideal,I,61.7,55,675,4.45,4.49,2.76
0.33,Ideal,I,61.1,56,675,4.45,4.49,2.73
0.24,Ideal,F,62.9,55,678,3.96,3.98,2.5
0.24,Ideal,F,61.6,57,678,3.97,4,2.45
0.24,Ideal,F,61,57,678,4.04,4.07,2.47
0.24,Ideal,F,60.7,57,678,3.99,4.04,2.43
0.32,Premium,J,61.2,59,684,4.44,4.41,2.71
0.32,Ideal,J,62.2,55,684,4.44,4.4,2.75
0.32,Ideal,J,62.2,56,684,4.41,4.37,2.73
0.28,Very Good,E,59.6,55,688,4.24,4.31,2.55
0.3,Very Good,H,62.3,56,691,4.3,4.33,2.68
0.33,Premium,I,62.1,58,694,4.39,4.43,2.74
0.33,Ideal,I,62.1,55,694,4.41,4.44,2.75
0.33,Very Good,I,59,61,694,4.49,4.56,2.67
0.33,Ideal,I,61.6,55,694,4.46,4.47,2.75
0.33,Ideal,I,61.4,56,694,4.41,4.45,2.72
0.33,Very Good,I,62,58,694,4.44,4.46,2.76
0.33,Ideal,I,61.8,55,694,4.46,4.47,2.76
0.33,Ideal,I,62.2,56,694,4.42,4.45,2.76
0.34,Ideal,I,61.6,54,695,4.5,4.53,2.78
0.34,Ideal,I,61.9,55,695,4.5,4.52,2.79
0.34,Ideal,I,61.3,55,695,4.52,4.55,2.78
0.34,Ideal,I,62.1,54,695,4.49,4.53,2.8
0.35,Ideal,I,61.8,55,715,4.55,4.57,2.82
0.35,Ideal,I,61.1,56,715,4.56,4.6,2.8
0.35,Ideal,I,61.5,55,715,4.53,4.57,2.8
0.33,Ideal,I,61.5,56,719,4.43,4.47,2.74
0.29,Ideal,G,61.3,56,721,4.26,4.29,2.62
0.26,Ideal,F,62,56,733,4.07,4.1,2.53
0.36,Ideal,I,61.8,55,735,4.58,4.61,2.84
0.36,Ideal,I,62,55,735,4.59,4.61,2.85
0.36,Ideal,I,61.9,54,735,4.57,4.6,2.84
0.35,Ideal,I,62.5,55,737,4.52,4.54,2.83
0.25,Ideal,F,62.3,54,739,4.06,4.09,2.54
0.31,Premium,H,60.8,59,739,4.36,4.39,2.66
0.25,Premium,F,61.1,58,740,4.1,4.08,2.5
0.3,Good,F,60,63,742,4.3,4.36,2.6
0.3,Very Good,G,60.5,58,743,4.35,4.38,2.64
0.24,Very Good,H,61.3,56,449,4.04,4.06,2.48
0.29,Ideal,F,61.9,56,748,4.27,4.3,2.65
0.37,Ideal,I,60.7,56,754,4.64,4.68,2.83
0.37,Ideal,I,61.4,55,754,4.65,4.67,2.86
0.4,Ideal,J,62.5,56,758,4.7,4.74,2.95
0.36,Premium,I,59.9,59,758,4.58,4.63,2.76
0.27,Very Good,E,59.7,56,760,4.26,4.28,2.55
0.27,Ideal,F,61.3,57,760,4.16,4.2,2.56
0.27,Ideal,F,61.8,55,760,4.14,4.21,2.57
0.27,Ideal,F,61.4,57,760,4.17,4.19,2.57
0.27,Ideal,F,63,55,760,4.13,4.16,2.61
0.31,Ideal,H,60.8,57,761,4.38,4.4,2.67
0.31,Premium,H,60.4,58,761,4.41,4.43,2.67
0.32,Premium,H,61.8,58,763,4.35,4.39,2.7
0.3,Ideal,H,61.2,55,764,4.36,4.37,2.67
0.3,Ideal,H,61.5,58,764,4.28,4.3,2.64
0.3,Ideal,H,60.8,56,764,4.36,4.39,2.66
0.3,Ideal,H,62.2,54,764,4.34,4.37,2.71
0.3,Ideal,H,61.8,57,764,4.31,4.36,2.68
0.3,Ideal,H,62.5,56,764,4.31,4.33,2.7
0.3,Ideal,H,62.3,54,764,4.34,4.36,2.71
0.3,Ideal,H,61.5,56,764,4.32,4.33,2.66
0.3,Ideal,H,61.2,56,764,4.36,4.37,2.67
0.3,Ideal,H,61.6,57,764,4.31,4.33,2.66
0.3,Ideal,H,62.1,57,764,4.29,4.31,2.67
0.3,Ideal,H,62,57,764,4.26,4.29,2.65
0.3,Ideal,H,62,55,764,4.33,4.35,2.69
0.3,Ideal,H,61.3,58,764,4.3,4.31,2.64
0.31,Ideal,F,59.7,60,766,4.4,4.44,2.64
0.23,Very Good,H,63.9,55,369,3.89,3.9,2.49
0.26,Ideal,F,60.9,55,768,4.15,4.23,2.55
0.31,Ideal,H,62,56,772,4.36,4.39,2.71
0.31,Ideal,H,61.4,57,772,4.36,4.39,2.68
0.3,Very Good,G,61.4,58,774,4.27,4.33,2.64
0.41,Ideal,J,62.1,54,777,4.78,4.81,2.98
0.31,Very Good,H,61.3,55,778,4.37,4.4,2.69
0.35,Ideal,I,62.7,55,778,4.51,4.55,2.84
0.3,Good,F,64.3,53,780,4.22,4.27,2.73
0.32,Ideal,H,61.9,54.2,783,4.38,4.42,2.72
0.31,Ideal,G,62.8,56,786,4.34,4.39,2.74
0.28,Very Good,F,59.8,56,787,4.27,4.29,2.56
0.28,Ideal,F,62.6,53,787,4.18,4.19,2.62
0.28,Ideal,F,61.4,57,787,4.22,4.25,2.6
0.28,Ideal,F,61.9,56,787,4.18,4.21,2.59
0.33,Very Good,H,62.9,58,787,4.38,4.43,2.77
0.33,Very Good,H,61.7,59,787,4.43,4.45,2.74
0.31,Ideal,H,61.3,56,789,4.37,4.41,2.69
0.31,Ideal,H,61.4,56,789,4.39,4.41,2.7
0.31,Ideal,H,61.3,56,789,4.39,4.42,2.7
0.31,Ideal,H,61.8,57,789,4.32,4.35,2.68
0.31,Ideal,H,62,54,789,4.38,4.4,2.72
0.31,Ideal,H,62.3,55,789,4.32,4.35,2.7
0.31,Ideal,H,61.2,56,789,4.36,4.4,2.68
0.31,Ideal,H,62.2,54,789,4.38,4.4,2.73
0.31,Ideal,H,62.2,54,789,4.38,4.4,2.73
0.3,Ideal,H,60.8,56,789,4.35,4.37,2.65
0.3,Ideal,H,61.5,56,789,4.31,4.34,2.66
0.3,Premium,H,60.4,60,789,4.3,4.34,2.61
0.3,Very Good,H,62.9,58,789,4.26,4.29,2.69
0.3,Ideal,H,61.8,55,789,4.3,4.31,2.66
0.3,Ideal,H,62.1,55,789,4.27,4.3,2.66
0.3,Ideal,G,62.6,56,794,4.29,4.32,2.69
0.33,Very Good,H,61.7,55,795,4.45,4.48,2.75
0.32,Ideal,H,61.6,56,796,4.4,4.43,2.72
0.27,Ideal,F,61.8,55,796,4.16,4.19,2.58
0.3,Good,F,58.8,61,796,4.35,4.39,2.57
0.3,Ideal,G,62.4,55,799,4.3,4.32,2.69
0.31,Ideal,G,62,54,801,4.35,4.39,2.71
0.33,Ideal,H,61.8,55.2,806,4.44,4.47,2.76
0.35,Ideal,I,61.8,53,808,4.55,4.57,2.81
0.3,Very Good,I,63.3,57,810,4.3,4.23,2.7
0.3,Premium,I,60.5,59,810,4.34,4.32,2.62
0.3,Very Good,I,63.3,56,810,4.26,4.21,2.68
0.3,Ideal,G,61.8,55,813,4.33,4.35,2.68
0.31,Good,E,64.2,60,813,4.22,4.28,2.73
0.32,Ideal,H,61.2,56,814,4.4,4.42,2.7
0.32,Ideal,H,61.8,55,814,4.42,4.45,2.74
0.32,Ideal,H,61.1,56,814,4.45,4.48,2.73
0.32,Ideal,H,61.2,57,814,4.41,4.44,2.71
0.32,Ideal,H,61.6,55,814,4.41,4.42,2.72
0.32,Ideal,H,62.6,54,814,4.38,4.4,2.75
0.32,Ideal,H,62,55,814,4.39,4.42,2.73
0.32,Ideal,H,61.6,54,814,4.41,4.49,2.74
0.32,Ideal,H,61.4,55,814,4.42,4.47,2.73
0.32,Ideal,H,62.2,54,814,4.37,4.41,2.73
0.32,Ideal,H,62.1,54,814,4.41,4.45,2.75
0.29,Very Good,F,59.9,56,815,4.35,4.37,2.61
0.29,Ideal,E,61.9,57,815,4.25,4.29,2.64
0.31,Ideal,H,60,57,816,4.39,4.41,2.64
0.31,Ideal,H,61.8,56,816,4.36,4.38,2.7
0.31,Premium,H,61,58,816,4.34,4.38,2.66
0.31,Ideal,H,62.1,54,816,4.33,4.37,2.7
0.31,Premium,H,61.7,58,816,4.33,4.36,2.68
0.33,Ideal,H,61.6,55,820,4.44,4.47,2.74
0.27,Premium,F,61.7,57,820,4.21,4.12,2.57
0.31,Ideal,F,62.3,57,821,4.25,4.29,2.66
0.28,Ideal,F,62,53,825,4.23,4.29,2.64
0.3,Ideal,G,62.6,54,826,4.3,4.33,2.7
0.38,Very Good,J,60.9,61,827,4.66,4.73,2.86
0.41,Good,J,63.5,54,827,4.7,4.75,3
0.41,Good,J,63.6,54,827,4.72,4.75,3.01
0.28,Ideal,F,62.4,55,828,4.2,4.17,2.61
0.4,Very Good,J,62.7,60,828,4.64,4.7,2.93
0.4,Very Good,J,62.2,61,828,4.68,4.71,2.92
0.4,Ideal,J,62.4,56,828,4.71,4.74,2.95
0.4,Ideal,J,62.6,56,828,4.71,4.75,2.96
0.3,Ideal,G,62.3,52.8,830,4.29,4.33,2.69
0.3,Ideal,G,62,54.4,830,4.3,4.32,2.67
0.3,Very Good,G,61.4,59,831,4.27,4.3,2.63
0.35,Very Good,G,62.1,56,833,4.54,4.57,2.82
0.3,Very Good,G,58.4,62,835,4.4,4.43,2.58
0.31,Ideal,I,62.2,54,837,4.39,4.36,2.72
0.31,Ideal,I,61.3,57,837,4.4,4.34,2.68
0.33,Very Good,H,61.2,56,838,4.46,4.5,2.74
0.33,Ideal,H,61.6,55,838,4.48,4.51,2.77
0.33,Ideal,H,61.1,56,838,4.47,4.5,2.74
0.33,Ideal,H,61.4,54,838,4.47,4.49,2.75
0.33,Ideal,H,62.1,54,838,4.44,4.48,2.77
0.33,Ideal,H,61.8,54,838,4.47,4.49,2.77
0.33,Ideal,H,62,55,838,4.46,4.48,2.77
0.31,Ideal,G,61.6,56,839,4.37,4.4,2.7
0.31,Ideal,G,61.5,57,840,4.35,4.37,2.68
0.32,Premium,H,61.2,58,842,4.37,4.39,2.68
0.32,Ideal,H,60.9,56,842,4.41,4.42,2.69
0.34,Ideal,H,61.6,55,844,4.51,4.55,2.78
0.3,Ideal,G,62.2,55,844,4.3,4.32,2.68
0.3,Ideal,G,61,56,844,4.34,4.37,2.65
0.3,Ideal,G,61.8,57,844,4.28,4.31,2.65
0.3,Premium,F,61.6,58,846,4.3,4.34,2.66
0.3,Very Good,G,62.3,55,850,4.31,4.33,2.69
0.3,Ideal,G,61.7,53,850,4.33,4.36,2.68
0.3,Ideal,G,62.2,56,850,4.26,4.29,2.66
0.36,Ideal,I,60.8,57,852,4.6,4.64,2.81
0.33,Premium,G,59.4,59,853,4.49,4.54,2.68
0.31,Ideal,G,61.6,54,853,4.36,4.4,2.7
0.31,Ideal,G,60.5,61,853,4.39,4.4,2.66
0.26,Ideal,H,61.1,57,468,4.12,4.16,2.53
0.35,Ideal,H,61.7,54,859,4.53,4.55,2.8
0.33,Ideal,G,62.7,56,861,4.39,4.44,2.77
0.33,Ideal,I,61.2,56,862,4.46,4.49,2.74
0.3,Very Good,G,62.6,56,863,4.27,4.29,2.68
0.34,Ideal,H,61.6,54,863,4.49,4.53,2.78
0.34,Ideal,H,61.9,53,863,4.5,4.52,2.79
0.34,Ideal,H,61.7,56,863,4.5,4.51,2.78
0.34,Ideal,H,62,53,863,4.49,4.51,2.79
0.34,Ideal,H,61.8,54,863,4.51,4.55,2.8
0.34,Ideal,H,61.7,55,863,4.5,4.54,2.79
0.3,Ideal,G,61.5,55,863,4.33,4.35,2.67
0.3,Ideal,G,61.6,53,863,4.32,4.35,2.67
0.3,Ideal,G,61.3,55,863,4.33,4.35,2.66
0.3,Ideal,G,62.1,55,863,4.32,4.35,2.69
0.3,Ideal,G,62.4,55,863,4.32,4.34,2.7
0.3,Ideal,G,62.3,56,863,4.31,4.32,2.69
0.3,Ideal,G,61.9,57,863,4.27,4.29,2.65
0.3,Ideal,G,62.4,54,863,4.31,4.34,2.7
0.3,Ideal,G,60.7,57,863,4.34,4.39,2.65
0.3,Ideal,G,62,55,863,4.33,4.35,2.69
0.3,Ideal,G,61.2,57,863,4.35,4.38,2.67
0.3,Ideal,G,62,54,863,4.33,4.35,2.69
0.3,Ideal,G,62.1,55,863,4.32,4.34,2.69
0.3,Ideal,G,60.9,58,863,4.32,4.35,2.64
0.3,Ideal,G,61.6,56,863,4.34,4.36,2.68
0.3,Ideal,G,61.8,55,863,4.32,4.36,2.68
0.3,Ideal,G,62.3,54,863,4.32,4.35,2.7
0.3,Ideal,G,62.1,55,863,4.32,4.35,2.69
0.3,Ideal,G,60.9,56,863,4.34,4.36,2.65
0.3,Ideal,G,61.5,56,863,4.32,4.36,2.67
0.3,Ideal,G,62.1,54,863,4.3,4.33,2.68
0.3,Ideal,G,62.3,56,863,4.29,4.32,2.68
0.3,Ideal,G,61.4,57,863,4.3,4.33,2.65
0.3,Ideal,G,62.2,55,863,4.31,4.34,2.69
0.3,Ideal,G,60.9,57,863,4.35,4.39,2.66
0.3,Ideal,G,62.1,53,863,4.3,4.33,2.68
0.3,Ideal,G,62.5,54,863,4.31,4.33,2.7
0.3,Ideal,G,62.3,55,863,4.3,4.33,2.69
0.3,Ideal,G,61.9,55,863,4.33,4.36,2.69
0.3,Ideal,G,61,57,863,4.31,4.34,2.64
0.3,Ideal,G,62.1,57,863,4.27,4.29,2.66
0.32,Premium,I,60.3,58,864,4.45,4.41,2.67
0.32,Ideal,I,60.8,54,864,4.47,4.44,2.71
0.32,Premium,I,61.9,59,864,4.39,4.37,2.71
0.32,Ideal,I,62.2,57,864,4.37,4.35,2.71
0.36,Very Good,H,62.3,56,865,4.55,4.58,2.85
0.36,Very Good,H,61.6,56,865,4.57,4.62,2.83
0.36,Very Good,H,60.8,57,865,4.58,4.6,2.79
0.39,Ideal,I,60.8,56,865,4.73,4.75,2.88
0.33,Premium,H,62,58,868,4.39,4.42,2.73
0.33,Very Good,H,60.3,59,868,4.47,4.49,2.7
0.33,Ideal,H,61.9,55,868,4.42,4.44,2.74
0.33,Premium,H,61.8,60,868,4.4,4.44,2.73
0.33,Ideal,H,62.1,55,868,4.41,4.44,2.75
0.35,Ideal,H,61.5,57,868,4.55,4.58,2.8
0.31,Ideal,G,61,55,871,4.39,4.42,2.69
0.31,Ideal,G,62.1,56,871,4.31,4.34,2.69
0.31,Ideal,G,62.5,56,871,4.33,4.37,2.71
0.31,Ideal,G,62.3,56,871,4.34,4.36,2.71
0.31,Ideal,G,61.9,56,871,4.33,4.35,2.68
0.31,Ideal,G,61.5,54,871,4.4,4.41,2.71
0.31,Ideal,G,61.1,57,871,4.38,4.42,2.68
0.31,Ideal,G,61.7,55,871,4.37,4.39,2.7
0.31,Ideal,G,60.7,58,871,4.37,4.41,2.67
0.32,Very Good,G,62.9,55,872,4.37,4.4,2.75
0.3,Ideal,F,59.4,60,873,4.37,4.39,2.6
0.3,Ideal,F,61.8,55,873,4.31,4.33,2.67
0.3,Ideal,F,61.3,55,873,4.32,4.36,2.66
0.3,Ideal,F,60.5,60,873,4.34,4.36,2.63
0.3,Ideal,F,60.4,60,873,4.32,4.35,2.62
0.3,Ideal,F,61.3,56,873,4.3,4.34,2.65
0.3,Ideal,F,59.8,58,873,4.37,4.46,2.64
0.3,Ideal,F,60,59,873,4.37,4.39,2.63
0.3,Ideal,F,61.7,56,873,4.31,4.35,2.67
0.3,Ideal,F,60.8,57,873,4.34,4.38,2.65
0.3,Ideal,F,60.9,57,873,4.35,4.38,2.66
0.3,Ideal,F,61.3,58,873,4.29,4.33,2.64
0.31,Ideal,F,62.2,56,874,4.31,4.34,2.69
0.31,Ideal,F,62.3,57,874,4.3,4.34,2.69
0.31,Premium,F,60.8,59,874,4.36,4.39,2.66
0.31,Premium,F,61.6,58,874,4.33,4.37,2.68
0.36,Ideal,H,62.2,54.1,877,4.57,4.6,2.86
0.31,Very Good,G,60.8,56,878,4.41,4.44,2.69
0.34,Premium,G,60.5,58,879,4.47,4.52,2.72
0.32,Ideal,G,62.3,54,883,4.39,4.4,2.74
0.3,Very Good,F,62.4,56,886,4.28,4.31,2.68
0.3,Very Good,F,62,58,886,4.28,4.3,2.66
0.3,Very Good,F,62,55,886,4.33,4.35,2.69
0.3,Very Good,F,62.6,55,886,4.3,4.32,2.7
0.3,Very Good,F,62.1,57,886,4.26,4.3,2.66
0.3,Very Good,F,62.5,56,886,4.27,4.3,2.68
0.3,Ideal,F,61.8,54,886,4.34,4.36,2.69
0.3,Ideal,F,62,58,886,4.25,4.3,2.65
0.3,Ideal,F,61.1,58,886,4.32,4.36,2.65
0.3,Ideal,F,61.8,58,886,4.27,4.3,2.65
0.3,Ideal,F,61.8,56,886,4.29,4.32,2.66
0.3,Ideal,F,62.4,56,886,4.26,4.3,2.67
0.3,Ideal,F,62.3,57,886,4.25,4.29,2.66
0.3,Ideal,F,62.1,57,886,4.29,4.31,2.67
0.3,Ideal,F,61.7,57,886,4.28,4.31,2.65
0.3,Ideal,F,61.4,57,886,4.34,4.36,2.67
0.3,Ideal,F,62.3,55,886,4.3,4.34,2.69
0.3,Ideal,F,62.3,57,886,4.29,4.31,2.68
0.3,Ideal,F,61.7,58,886,4.3,4.32,2.66
0.3,Ideal,F,62.1,54,886,4.32,4.35,2.69
0.3,Ideal,F,61.8,54,886,4.34,4.37,2.69
0.3,Ideal,F,62.2,56,886,4.31,4.34,2.69
0.3,Ideal,F,62.4,54,886,4.33,4.36,2.71
0.3,Ideal,F,61.4,56,886,4.32,4.34,2.66
0.3,Ideal,F,60.9,56,886,4.33,4.37,2.65
0.3,Ideal,F,61.6,58,886,4.28,4.32,2.65
0.3,Ideal,F,61.8,55,886,4.32,4.35,2.68
0.3,Ideal,F,62.2,57,886,4.3,4.32,2.68
0.3,Ideal,F,61.9,57,886,4.29,4.33,2.67
0.3,Ideal,F,62.5,54,886,4.31,4.33,2.7
0.3,Ideal,F,62.6,57,886,4.25,4.28,2.67
0.3,Ideal,F,62.1,57,886,4.27,4.3,2.66
0.3,Ideal,F,61.3,56,886,4.33,4.35,2.66
0.3,Ideal,F,62.1,55,886,4.32,4.35,2.69
0.3,Ideal,F,62.1,55,886,4.31,4.35,2.69
0.3,Ideal,F,62,56,886,4.31,4.33,2.68
0.3,Ideal,F,62.3,53,886,4.34,4.36,2.71
0.3,Ideal,F,62.4,58,886,4.25,4.28,2.66
0.3,Ideal,F,61.8,56,886,4.31,4.33,2.67
0.3,Ideal,F,62.3,55,886,4.29,4.31,2.68
0.3,Ideal,F,62.2,53,886,4.34,4.38,2.71
0.38,Good,I,56.6,59,886,4.82,4.87,2.74
0.35,Ideal,H,62.1,54,887,4.55,4.59,2.84
0.31,Ideal,F,60.8,56,888,4.43,4.45,2.7
0.43,Ideal,J,62.4,56,890,4.84,4.87,3.03
0.31,Very Good,G,61.6,54,891,4.4,4.43,2.72
0.32,Premium,G,59.4,60,891,4.45,4.47,2.65
0.32,Premium,G,61,59,891,4.38,4.41,2.68
0.31,Ideal,G,61.4,55,891,4.35,4.38,2.68
0.31,Ideal,G,61.4,55,891,4.36,4.4,2.69
0.31,Ideal,G,62.2,55,891,4.35,4.4,2.72
0.31,Ideal,G,61.9,55,891,4.35,4.38,2.7
0.31,Ideal,G,61.6,56,891,4.38,4.42,2.71
0.31,Ideal,G,61,56,891,4.38,4.41,2.68
0.31,Ideal,G,61.3,54,891,4.38,4.4,2.69
0.31,Ideal,G,61.4,56,891,4.38,4.41,2.7
0.31,Ideal,G,62.6,53,891,4.36,4.39,2.74
0.31,Ideal,G,61.8,56,891,4.33,4.37,2.69
0.31,Ideal,G,61.9,54,891,4.35,4.37,2.7
0.31,Ideal,G,61.8,55,891,4.35,4.39,2.7
0.31,Ideal,G,61.8,54,891,4.36,4.38,2.7
0.31,Ideal,G,61.9,54,891,4.35,4.38,2.7
0.31,Ideal,G,61,57,891,4.4,4.42,2.69
0.31,Ideal,G,61.7,56,891,4.34,4.38,2.69
0.31,Ideal,G,62,54,891,4.36,4.38,2.71
0.31,Ideal,G,61.7,55,891,4.36,4.39,2.7
0.31,Ideal,G,61.6,55,891,4.37,4.39,2.7
0.31,Ideal,G,61.3,56,891,4.38,4.4,2.69
0.31,Ideal,G,62.1,54,891,4.36,4.37,2.71
0.31,Ideal,G,61.3,57,891,4.39,4.42,2.7
0.31,Ideal,G,62.1,54,891,4.38,4.41,2.73
0.31,Ideal,G,60.2,59,891,4.37,4.4,2.64
0.31,Ideal,G,61.9,53,891,4.36,4.39,2.71
0.31,Ideal,G,61.7,54,891,4.38,4.4,2.71
0.31,Ideal,G,62.1,54,891,4.35,4.38,2.71
0.31,Ideal,G,61,57,891,4.36,4.39,2.67
0.31,Ideal,G,61.6,55,891,4.35,4.38,2.69
0.31,Ideal,G,61.2,56,891,4.36,4.4,2.68
0.31,Ideal,G,61.2,55,891,4.4,4.42,2.7
0.31,Ideal,G,62.1,54,891,4.37,4.39,2.72
0.33,Ideal,I,61.8,55,891,4.47,4.46,2.76
0.33,Ideal,I,62.1,55,891,4.44,4.41,2.75
0.33,Premium,I,62,58,891,4.46,4.44,2.76
0.33,Ideal,I,61.6,55,891,4.47,4.46,2.75
0.33,Premium,I,59,61,891,4.56,4.49,2.67
0.33,Premium,I,62.1,58,891,4.43,4.39,2.74
0.33,Ideal,I,62.2,56,891,4.45,4.42,2.76
0.33,Ideal,I,61.4,56,891,4.45,4.41,2.72
0.35,Very Good,G,62.1,54,892,4.53,4.57,2.82
0.3,Ideal,F,60.8,56,892,4.35,4.36,2.65
0.3,Ideal,F,60.9,56,892,4.32,4.35,2.64
0.27,Ideal,D,62.4,56,893,4.15,4.12,2.58
0.3,Very Good,G,62.9,58,895,4.21,4.25,2.66
0.3,Very Good,G,62.8,57,895,4.27,4.3,2.69
0.3,Very Good,G,63,53,895,4.24,4.3,2.69
0.3,Good,G,63.5,55,895,4.26,4.28,2.71
0.3,Very Good,G,61,62,895,4.32,4.34,2.64
0.3,Ideal,G,62.1,55,895,4.31,4.35,2.69
0.3,Premium,G,60,59,895,4.32,4.34,2.6
0.3,Ideal,G,62.6,57,895,4.28,4.32,2.69
0.3,Good,G,63.8,55,895,4.24,4.28,2.72
0.3,Ideal,G,61.7,55,895,4.31,4.34,2.67
0.3,Ideal,G,60.9,57,895,4.29,4.32,2.62
0.3,Premium,G,61.6,60,895,4.29,4.32,2.65
0.3,Very Good,G,62.8,57,895,4.28,4.32,2.7
0.3,Ideal,G,61.4,57,895,4.33,4.37,2.67
0.3,Ideal,G,62,56,895,4.3,4.31,2.67
0.3,Premium,G,60.2,58,895,4.35,4.39,2.63
0.39,Ideal,I,62.3,54,895,4.69,4.71,2.93
0.33,Very Good,F,58.7,55,897,4.56,4.6,2.69
0.35,Very Good,G,62.6,59,898,4.43,4.49,2.79
0.33,Very Good,G,62.6,55,898,4.41,4.44,2.77
0.32,Ideal,G,61.7,57,898,4.39,4.42,2.72
0.32,Ideal,G,61.4,55,898,4.42,4.44,2.72
0.32,Ideal,G,61.8,55,898,4.38,4.42,2.72
0.31,Ideal,F,60.1,59,901,4.38,4.41,2.64
0.31,Ideal,F,61.1,55,901,4.41,4.43,2.7
0.31,Ideal,F,61.2,56,901,4.38,4.41,2.69
0.31,Ideal,F,61.6,56,901,4.35,4.38,2.69
0.31,Ideal,F,61.7,56,901,4.34,4.38,2.69
0.31,Ideal,F,61.9,54,901,4.38,4.41,2.72
0.31,Ideal,F,62,55,901,4.37,4.41,2.72
0.31,Ideal,F,61.7,56,901,4.38,4.41,2.71
0.31,Ideal,F,60.7,56,901,4.42,4.45,2.69
0.32,Ideal,G,61.5,55,905,4.4,4.42,2.71
0.32,Ideal,G,61.3,56,905,4.4,4.44,2.71
0.35,Ideal,G,61.3,56,910,4.51,4.53,2.77
0.36,Ideal,H,61.6,56,912,4.56,4.59,2.82
0.31,Good,E,57.7,55,912,4.51,4.6,2.63
0.34,Ideal,H,61.9,55,913,4.5,4.55,2.8
0.31,Very Good,F,61.2,55,914,4.37,4.39,2.68
0.31,Very Good,F,61.4,55,914,4.39,4.41,2.7
0.31,Very Good,F,61.9,54,914,4.36,4.39,2.71
0.31,Premium,F,61.9,58,914,4.36,4.39,2.71
0.31,Ideal,F,61.2,56,914,4.37,4.39,2.68
0.31,Ideal,F,61.3,57,914,4.34,4.37,2.67
0.31,Ideal,F,61.9,54,914,4.35,4.38,2.7
0.31,Ideal,F,62.1,54,914,4.33,4.37,2.7
0.31,Ideal,F,61.2,57,914,4.35,4.38,2.67
0.31,Ideal,F,61.1,57,914,4.37,4.4,2.68
0.31,Ideal,F,62.2,55,914,4.35,4.37,2.71
0.31,Ideal,F,62,54,914,4.38,4.4,2.72
0.31,Ideal,F,62.3,54,914,4.33,4.37,2.71
0.31,Ideal,F,61.3,55,914,4.38,4.43,2.7
0.31,Ideal,F,62.1,54,914,4.38,4.41,2.73
0.31,Ideal,F,62.3,54,914,4.37,4.39,2.73
0.31,Ideal,F,62.3,53,914,4.35,4.38,2.72
0.31,Ideal,F,62.1,55,914,4.32,4.38,2.7
0.31,Ideal,F,61,56,914,4.39,4.43,2.69
0.31,Ideal,F,62.1,54,914,4.36,4.4,2.72
0.31,Ideal,F,62,55,914,4.36,4.38,2.71
0.31,Ideal,F,60.9,56,914,4.37,4.4,2.67
0.31,Ideal,F,62.2,54,914,4.37,4.41,2.73
0.32,Ideal,F,61.9,55,915,4.38,4.44,2.73
0.34,Very Good,G,59.4,56,917,4.59,4.63,2.74
0.4,Ideal,I,62.4,54,917,4.73,4.75,2.96
0.34,Good,F,59,61,917,4.59,4.63,2.72
0.32,Very Good,G,62.1,53,918,4.4,4.45,2.75
0.32,Ideal,G,61.6,55,918,4.42,4.45,2.73
0.32,Ideal,G,61.9,54,918,4.4,4.42,2.73
0.32,Ideal,G,61,56,918,4.41,4.44,2.7
0.32,Ideal,G,62.1,53,918,4.41,4.44,2.75
0.32,Ideal,G,61.3,55,918,4.43,4.47,2.73
0.32,Ideal,G,62.3,53,918,4.41,4.45,2.76
0.32,Ideal,G,61,56,918,4.43,4.45,2.71
0.32,Ideal,G,61,57,918,4.41,4.44,2.7
0.32,Ideal,G,61.7,56,918,4.39,4.42,2.72
0.32,Ideal,G,61.2,56,918,4.4,4.43,2.7
0.32,Ideal,G,61.6,55,918,4.4,4.43,2.72
0.32,Ideal,G,61.1,57,918,4.41,4.43,2.7
0.32,Ideal,G,61.4,55,918,4.42,4.44,2.72
0.32,Ideal,G,61.7,54,918,4.39,4.42,2.72
0.32,Ideal,G,61.3,56,918,4.4,4.44,2.71
0.32,Ideal,G,61,57,918,4.44,4.48,2.72
0.32,Ideal,G,61.8,55,918,4.42,4.45,2.74
0.32,Ideal,G,60.9,57,918,4.41,4.46,2.7
0.32,Ideal,G,61.7,54,918,4.42,4.46,2.74
0.32,Ideal,G,62.2,54,918,4.42,4.45,2.76
0.32,Ideal,G,61.2,55,918,4.41,4.44,2.71
0.32,Ideal,G,62.1,55,918,4.4,4.46,2.75
0.32,Ideal,G,61.3,54,918,4.41,4.47,2.72
0.32,Ideal,G,61.9,55,918,4.38,4.44,2.73
0.32,Ideal,G,62,54,918,4.42,4.45,2.75
0.32,Ideal,G,61.9,53,918,4.42,4.47,2.75
0.32,Ideal,G,62.2,53,918,4.41,4.43,2.75
0.32,Ideal,G,61.5,55,918,4.43,4.45,2.73
0.32,Ideal,G,61.8,55,918,4.41,4.43,2.73
0.32,Very Good,F,61.7,55,921,4.4,4.41,2.72
0.35,Ideal,H,61.7,56,921,4.53,4.55,2.8
0.35,Ideal,H,61.9,55,921,4.51,4.54,2.8
0.35,Ideal,H,60.5,56,921,4.56,4.59,2.77
0.31,Ideal,F,62.2,55,921,4.35,4.38,2.71
0.31,Ideal,F,62.3,54,921,4.33,4.34,2.7
0.31,Ideal,F,61.2,56,921,4.37,4.42,2.69
0.31,Ideal,F,61.1,54,921,4.39,4.42,2.69
0.34,Very Good,G,61,56,924,4.5,4.54,2.76
0.31,Ideal,G,62.7,57,924,4.31,4.34,2.71
0.31,Very Good,G,61.6,55,924,4.38,4.42,2.71
0.31,Ideal,G,61.7,56,924,4.34,4.38,2.69
0.31,Premium,G,61.4,59,924,4.34,4.39,2.68
0.31,Good,G,63.9,58,924,4.27,4.3,2.74
0.31,Ideal,G,61.9,56,924,4.36,4.39,2.71
0.31,Premium,G,61,59,924,4.33,4.36,2.65
0.31,Very Good,G,61.7,54,924,4.33,4.36,2.68
0.31,Ideal,G,61,56,924,4.37,4.39,2.67
0.31,Ideal,G,62.6,57,924,4.3,4.32,2.7
0.31,Ideal,G,61,56,924,4.37,4.38,2.67
0.31,Ideal,G,61.6,55,924,4.34,4.39,2.69
0.33,Ideal,G,61,56,925,4.48,4.51,2.74
0.33,Ideal,G,61,57,925,4.45,4.48,2.72
0.33,Ideal,G,61.9,56,925,4.43,4.47,2.75
0.37,Ideal,G,60.5,56,926,4.66,4.7,2.83
0.32,Ideal,F,61.3,57,929,4.4,4.44,2.71
0.32,Ideal,F,60.9,57,929,4.4,4.44,2.69
0.32,Ideal,F,61.7,55,929,4.4,4.42,2.72
0.32,Ideal,F,60.3,58,929,4.45,4.5,2.7
0.32,Ideal,F,61.9,54,929,4.43,4.46,2.75
0.32,Ideal,F,61.6,56,929,4.43,4.47,2.74
0.3,Very Good,E,62.8,54,930,4.3,4.33,2.71
0.41,Ideal,I,61.8,55,930,4.77,4.81,2.96
0.35,Ideal,H,60.8,56,931,4.61,4.63,2.81
0.37,Ideal,H,61.4,55,936,4.63,4.66,2.85
0.37,Ideal,H,61.8,55,936,4.65,4.67,2.88
0.37,Ideal,H,61.7,53,936,4.66,4.68,2.88
0.42,Very Good,I,60.1,58,938,4.83,4.88,2.92
0.31,Very Good,E,63,55,938,4.33,4.37,2.74
0.34,Premium,G,60.5,58,939,4.52,4.47,2.72
0.32,Ideal,G,61.9,56,940,4.39,4.46,2.74
0.34,Ideal,F,62.2,55,941,4.47,4.5,2.79
0.32,Ideal,F,60.9,57,943,4.42,4.45,2.7
0.32,Ideal,F,61.3,57,943,4.42,4.46,2.72
0.32,Ideal,F,60.9,57,943,4.41,4.43,2.69
0.32,Ideal,F,62.5,54,943,4.38,4.42,2.75
0.32,Ideal,F,61.8,54,943,4.44,4.46,2.75
0.32,Ideal,F,62.2,54,943,4.4,4.44,2.75
0.3,Ideal,E,62,54,943,4.31,4.34,2.68
0.3,Ideal,E,62.6,53,943,4.29,4.33,2.7
0.3,Ideal,E,61.7,55,943,4.31,4.34,2.67
0.31,Very Good,E,60.6,60,944,4.4,4.44,2.68
0.32,Ideal,E,62,55,944,4.37,4.41,2.72
0.4,Good,I,62.3,62,945,4.69,4.72,2.93
0.35,Ideal,I,62.5,55,945,4.54,4.52,2.83
0.33,Ideal,G,61.5,55,946,4.48,4.5,2.76
0.33,Ideal,G,61.2,56,946,4.47,4.51,2.75
0.33,Ideal,G,61.7,56,946,4.47,4.51,2.77
0.33,Ideal,G,61.8,54,946,4.47,4.49,2.77
0.33,Ideal,G,61.9,55,946,4.44,4.45,2.75
0.33,Ideal,G,60.9,57,946,4.45,4.48,2.72
0.33,Ideal,G,61.3,55,946,4.49,4.51,2.76
0.33,Ideal,G,61,56,946,4.48,4.5,2.74
0.33,Ideal,G,61.7,55,946,4.47,4.48,2.76
0.33,Ideal,G,61,55,946,4.49,4.52,2.75
0.3,Premium,F,60.7,58,947,4.33,4.37,2.64
0.3,Ideal,F,61.1,57,947,4.35,4.39,2.67
0.3,Ideal,F,62,56,947,4.3,4.34,2.68
0.3,Premium,F,61.6,58,947,4.32,4.35,2.67
0.36,Ideal,H,61.9,57,947,4.55,4.6,2.83
0.3,Very Good,E,60.9,59,949,4.29,4.32,2.62
0.32,Ideal,F,60.9,56,949,4.42,4.44,2.7
0.32,Ideal,F,61.2,57,949,4.4,4.42,2.7
0.31,Premium,H,60.8,59,949,4.39,4.36,2.66
0.34,Ideal,G,61.1,57,952,4.47,4.51,2.75
0.34,Ideal,G,61.5,56,952,4.52,4.54,2.79
0.43,Ideal,J,62.4,56,952,4.87,4.84,3.03
0.32,Premium,G,59.4,60,952,4.47,4.45,2.65
0.32,Premium,G,61,59,952,4.41,4.38,2.68
0.41,Ideal,I,61.1,57,953,4.78,4.81,2.93
0.32,Very Good,G,62.4,55,954,4.4,4.42,2.75
0.32,Very Good,G,62.9,55,954,4.37,4.41,2.76
0.32,Premium,G,59.9,58,954,4.42,4.43,2.65
0.32,Very Good,G,61.8,55,954,4.39,4.45,2.73
0.32,Premium,G,59.4,59,954,4.48,4.51,2.67
0.32,Ideal,G,60.5,57,954,4.42,4.44,2.68
0.32,Ideal,G,61.8,55,954,4.41,4.43,2.73
0.32,Ideal,G,61.2,57,954,4.4,4.43,2.7
0.32,Premium,G,62,60,954,4.37,4.41,2.72
0.32,Ideal,G,60.9,56,954,4.41,4.43,2.69
0.3,Ideal,G,62,56,956,4.31,4.3,2.67
0.3,Premium,G,60,59,956,4.34,4.32,2.6
0.3,Premium,G,61,62,956,4.34,4.32,2.64
0.3,Ideal,G,61.4,57,956,4.37,4.33,2.67
0.3,Premium,G,60.2,58,956,4.39,4.35,2.63
0.3,Ideal,G,62.1,55,956,4.35,4.31,2.69
0.3,Ideal,G,62.8,57,956,4.32,4.28,2.7
0.3,Ideal,G,60.9,57,956,4.32,4.29,2.62
0.3,Premium,G,61.6,60,956,4.32,4.29,2.65
0.3,Ideal,G,61.7,55,956,4.34,4.31,2.67
0.3,Ideal,G,62.8,57,956,4.3,4.27,2.69
0.3,Ideal,G,62.6,57,956,4.32,4.28,2.69
0.3,Premium,G,62.9,58,956,4.25,4.21,2.66
0.3,Good,G,63.8,55,956,4.28,4.24,2.72
0.3,Ideal,G,63,53,956,4.3,4.24,2.69
0.3,Very Good,G,63.5,55,956,4.28,4.26,2.71
0.33,Very Good,E,61.8,55,957,4.47,4.52,2.78
0.3,Very Good,E,61.8,54,957,4.34,4.37,2.69
0.33,Ideal,F,62.2,53,957,4.46,4.48,2.78
0.33,Ideal,F,61.2,56,957,4.48,4.5,2.75
0.3,Ideal,E,61.3,58,957,4.28,4.33,2.64
0.3,Ideal,E,61.1,57,957,4.31,4.33,2.64
0.3,Ideal,E,61.2,58,957,4.31,4.38,2.66
0.3,Ideal,E,62.2,55,957,4.32,4.36,2.7
0.31,Very Good,E,61.6,54,958,4.38,4.42,2.71
0.32,Ideal,F,61.2,57,958,4.44,4.45,2.72
0.31,Ideal,E,62.2,53,958,4.35,4.4,2.72
0.35,Ideal,G,60.7,57,959,4.59,4.61,2.79
0.35,Ideal,G,60.2,57,959,4.6,4.64,2.78
0.33,Ideal,H,61,55,959,4.5,4.49,2.74
0.33,Ideal,H,60.5,56,959,4.54,4.52,2.74
0.33,Ideal,H,60.6,57,959,4.51,4.5,2.73
0.42,Ideal,I,62.1,54,961,4.82,4.84,3
0.42,Ideal,I,61.7,55,961,4.83,4.86,2.99
0.42,Ideal,I,62,54,961,4.82,4.85,3
0.32,Premium,E,60,61,967,4.5,4.46,2.69
0.33,Ideal,G,61.7,58,968,4.42,4.46,2.74
0.33,Ideal,F,62.2,53,971,4.47,4.5,2.79
0.33,Ideal,F,61.3,55,971,4.48,4.49,2.75
0.36,Premium,I,59.9,59,972,4.63,4.58,2.76
0.35,Ideal,G,61.8,56,974,4.52,4.57,2.81
0.34,Ideal,G,61.2,56,974,4.53,4.55,2.78
0.34,Ideal,G,62.1,54,974,4.48,4.5,2.79
0.34,Ideal,G,61.4,56,974,4.5,4.53,2.77
0.34,Ideal,G,61.9,54,974,4.51,4.53,2.8
0.34,Ideal,G,61.5,55,974,4.51,4.53,2.78
0.34,Ideal,G,61,55,974,4.51,4.54,2.76
0.34,Ideal,G,61.3,56,974,4.52,4.55,2.78
0.34,Ideal,G,61.9,54,974,4.5,4.52,2.79
0.34,Ideal,G,60.9,56,974,4.5,4.53,2.75
0.34,Ideal,G,61.9,55,974,4.51,4.54,2.8
0.34,Ideal,G,62.2,53,974,4.49,4.52,2.8
0.34,Ideal,G,61.6,54,974,4.49,4.53,2.78
0.34,Ideal,G,61.3,55,974,4.53,4.57,2.79
0.34,Ideal,G,60.7,57,974,4.51,4.55,2.75
0.31,Ideal,H,60.8,57,977,4.4,4.38,2.67
0.31,Premium,H,60.4,58,977,4.43,4.41,2.67
0.31,Premium,F,61.9,58,977,4.39,4.36,2.71
0.33,Ideal,F,61.8,56,978,4.42,4.46,2.74
0.31,Ideal,F,62,56,979,4.32,4.36,2.69
0.31,Ideal,F,62.1,56,979,4.33,4.36,2.7
0.31,Ideal,F,61.8,54,979,4.33,4.37,2.69
0.31,Ideal,F,62.2,56,979,4.31,4.34,2.69
0.31,Ideal,F,62.1,55,979,4.34,4.35,2.7
0.31,Premium,F,61.5,58,979,4.33,4.35,2.67
0.35,Ideal,G,62.6,57,979,4.51,4.53,2.82
0.35,Ideal,G,60.2,55,979,4.63,4.64,2.79
0.35,Ideal,G,61.2,57,979,4.54,4.57,2.79
0.32,Premium,H,61.8,58,979,4.39,4.35,2.7
0.36,Ideal,H,60.6,56,980,4.64,4.66,2.82
0.4,Ideal,I,62.4,56,982,4.7,4.73,2.94
0.4,Ideal,I,62.2,56,982,4.71,4.75,2.94
0.33,Ideal,G,61.8,55,984,4.45,4.48,2.76
0.33,Ideal,G,61.3,57,984,4.42,4.46,2.72
0.33,Ideal,G,61.6,56,984,4.45,4.48,2.75
0.33,Ideal,G,61.6,53,984,4.43,4.47,2.74
0.33,Ideal,G,61.6,55,984,4.48,4.51,2.77
0.33,Premium,G,60.8,58,984,4.42,4.46,2.7
0.33,Good,G,57.9,60,984,4.55,4.57,2.64
0.33,Ideal,G,62.2,56,984,4.43,4.45,2.76
0.33,Ideal,G,61.7,55,984,4.45,4.47,2.75
0.33,Ideal,G,62.1,56,984,4.41,4.44,2.75
0.33,Ideal,G,61.9,54,984,4.42,4.46,2.75
0.34,Ideal,G,62.2,56,984,4.45,4.46,2.77
0.32,Ideal,F,61.1,55,984,4.47,4.44,2.72
0.35,Ideal,H,61.7,56,984,4.55,4.53,2.8
0.35,Ideal,H,60.5,56,984,4.59,4.56,2.77
0.35,Ideal,H,61.9,55,984,4.54,4.51,2.8
0.3,Premium,E,61.9,61,984,4.32,4.27,2.66
0.36,Ideal,G,61.5,56,985,4.59,4.62,2.83
0.36,Ideal,G,61.7,56,985,4.57,4.6,2.83
0.34,Ideal,F,62.3,54,985,4.48,4.51,2.8
0.31,Very Good,E,58.1,60,987,4.45,4.5,2.6
0.31,Ideal,E,61.9,54,987,4.38,4.41,2.72
0.31,Ideal,E,62.2,54,987,4.33,4.35,2.7
0.31,Ideal,E,60.9,55,987,4.39,4.41,2.68
0.38,Very Good,I,59.5,57,988,4.72,4.76,2.82
0.31,Ideal,G,61.9,56,988,4.39,4.36,2.71
0.31,Ideal,G,61,56,988,4.38,4.37,2.67
0.31,Ideal,G,61,56,988,4.39,4.37,2.67
0.31,Premium,G,61.6,55,988,4.42,4.38,2.71
0.31,Ideal,G,61.6,55,988,4.39,4.34,2.69
0.31,Premium,G,61.4,59,988,4.39,4.34,2.68
0.31,Premium,G,61,59,988,4.36,4.33,2.65
0.31,Premium,G,61.7,54,988,4.36,4.33,2.68
0.31,Ideal,G,61.7,56,988,4.38,4.34,2.69
0.31,Good,G,63.9,58,988,4.3,4.27,2.74
0.31,Ideal,G,62.6,57,988,4.32,4.3,2.7
0.31,Ideal,G,62.7,57,988,4.34,4.31,2.71
0.34,Ideal,H,60.8,56,988,4.56,4.55,2.77
0.32,Ideal,F,60.7,56,990,4.43,4.46,2.7
0.33,Ideal,G,61.5,56,992,4.46,4.48,2.75
0.37,Very Good,F,60.4,57,995,4.65,4.68,2.81
0.43,Very Good,I,61,56,998,4.9,4.93,3
0.34,Very Good,F,61.1,54,999,4.54,4.56,2.78
0.34,Ideal,F,61.8,55,999,4.49,4.51,2.78
0.35,Very Good,G,60.5,56,1001,4.56,4.6,2.77
0.35,Ideal,G,62,54,1001,4.54,4.56,2.82
0.35,Ideal,G,61.7,55,1001,4.52,4.55,2.8
0.35,Ideal,G,61.5,55,1001,4.53,4.57,2.8
0.35,Ideal,G,61.9,54,1001,4.56,4.58,2.83
0.35,Ideal,G,61.3,55,1001,4.57,4.6,2.81
0.36,Very Good,G,60.4,62,1002,4.6,4.64,2.79
0.31,Ideal,E,61.3,58,1002,4.37,4.4,2.69
0.37,Very Good,G,61.8,56,1003,4.6,4.64,2.85
0.32,Ideal,E,60.6,60,1004,4.43,4.45,2.69
0.36,Ideal,G,62,57,1006,4.54,4.58,2.82
0.41,Ideal,I,62.6,57,1007,4.74,4.78,2.98
0.23,Very Good,F,61,62,485,3.95,3.99,2.42
0.33,Premium,H,61.7,59,1010,4.45,4.43,2.74
0.32,Ideal,F,62.2,55,1010,4.38,4.4,2.73
0.33,Premium,H,62.9,58,1010,4.43,4.38,2.77
0.3,Ideal,E,61.1,57,1013,4.31,4.33,2.64
0.3,Premium,F,61.6,58,1013,4.35,4.32,2.67
0.3,Ideal,F,61.1,57,1013,4.39,4.35,2.67
0.3,Premium,F,60.7,58,1013,4.37,4.33,2.64
0.3,Ideal,F,62,56,1013,4.34,4.3,2.68
0.36,Ideal,H,61.9,57,1013,4.6,4.55,2.83
0.3,Premium,H,60.4,60,1013,4.34,4.3,2.61
0.3,Ideal,H,61.5,56,1013,4.34,4.31,2.66
0.3,Ideal,H,60.8,56,1013,4.37,4.35,2.65
0.3,Premium,H,62.9,58,1013,4.29,4.26,2.69
0.3,Ideal,H,62.1,55,1013,4.3,4.27,2.66
0.3,Ideal,H,61.8,55,1013,4.31,4.3,2.66
0.33,Very Good,F,60.3,58,1014,4.49,4.46,2.7
0.34,Ideal,G,61.9,54,1014,4.46,4.49,2.77
0.34,Ideal,G,61.7,55,1014,4.48,4.5,2.77
0.34,Ideal,G,60.1,57,1014,4.54,4.58,2.74
0.34,Ideal,G,61.6,56,1014,4.48,4.51,2.77
0.34,Ideal,G,61.9,57,1014,4.47,4.48,2.77
0.34,Premium,G,62.3,59,1014,4.46,4.49,2.79
0.35,Ideal,H,60.8,56,1017,4.61,4.6,2.8
0.35,Ideal,H,60.7,56,1017,4.62,4.61,2.8
0.32,Very Good,E,61.4,55,1018,4.43,4.46,2.73
0.32,Ideal,E,62.3,54,1018,4.38,4.41,2.74
0.32,Ideal,E,62.9,54,1018,4.37,4.41,2.76
0.32,Ideal,E,61.1,56,1018,4.42,4.48,2.72
0.32,Ideal,E,61.1,58,1018,4.42,4.45,2.71
0.32,Ideal,E,62.3,53,1018,4.39,4.41,2.74
0.32,Ideal,E,61.9,55,1018,4.38,4.41,2.72
0.32,Ideal,G,60.5,57,1020,4.44,4.42,2.68
0.32,Premium,G,59.4,59,1020,4.51,4.48,2.67
0.32,Ideal,G,61.8,55,1020,4.43,4.41,2.73
0.32,Premium,G,59.9,58,1020,4.43,4.42,2.65
0.32,Premium,G,62,60,1020,4.41,4.37,2.72
0.32,Ideal,G,62.9,55,1020,4.41,4.37,2.76
0.32,Premium,G,61.8,55,1020,4.45,4.39,2.73
0.32,Ideal,G,62.4,55,1020,4.42,4.4,2.75
0.32,Ideal,G,61.2,57,1020,4.43,4.4,2.7
0.32,Ideal,G,60.9,56,1020,4.43,4.41,2.69
0.35,Very Good,E,57.9,56,1025,4.71,4.75,2.74
0.3,Ideal,G,62.4,55,1025,4.32,4.3,2.69
0.3,Premium,E,61.9,58,1026,4.26,4.3,2.65
0.3,Very Good,E,60.1,60,1026,4.3,4.32,2.59
0.3,Premium,E,61,59,1026,4.29,4.33,2.63
0.35,Very Good,F,62,54,1027,4.55,4.58,2.83
0.35,Ideal,H,60.9,57,1028,4.58,4.6,2.8
0.33,Ideal,F,61.8,55,1028,4.47,4.49,2.77
0.31,Ideal,G,62,54,1028,4.39,4.35,2.71
0.36,Ideal,G,62.2,53,1029,4.59,4.61,2.86
0.36,Ideal,G,61.9,55,1029,4.56,4.59,2.83
0.37,Ideal,G,62.4,56,1033,4.6,4.64,2.88
0.35,Ideal,F,60.9,56,1035,4.54,4.56,2.77
0.39,Ideal,H,61.9,55.6,1039,4.68,4.7,2.91
0.3,Ideal,J,61.5,56,489,4.32,4.33,2.66
0.3,Ideal,J,61.5,57,489,4.29,4.36,2.66
0.35,Ideal,G,61.8,56,1041,4.57,4.52,2.81
0.33,Ideal,F,61.5,55,1042,4.44,4.47,2.74
0.45,Ideal,I,62,54,1043,4.94,4.97,3.07
0.4,Very Good,H,64,56,1044,4.66,4.69,2.99
0.35,Very Good,G,62.2,58,1044,4.45,4.52,2.79
0.35,Very Good,G,59.1,59,1044,4.59,4.62,2.72
0.35,Ideal,G,61.8,55,1044,4.54,4.56,2.81
0.35,Ideal,G,61.4,55,1044,4.56,4.59,2.81
0.35,Ideal,G,62.3,55,1044,4.5,4.52,2.81
0.35,Ideal,G,61.1,56,1044,4.54,4.59,2.79
0.35,Premium,G,60.6,60,1044,4.54,4.57,2.76
0.43,Ideal,I,62.3,53,1046,4.82,4.9,3.02
0.31,Ideal,E,61.9,55,1046,4.38,4.41,2.72
0.31,Ideal,F,62.1,56,1046,4.36,4.33,2.7
0.31,Ideal,F,62,56,1046,4.36,4.32,2.69
0.31,Ideal,F,62.2,56,1046,4.34,4.31,2.69
0.31,Ideal,F,61.8,54,1046,4.37,4.33,2.69
0.31,Premium,F,61.5,58,1046,4.35,4.33,2.67
0.31,Ideal,F,62.1,55,1046,4.35,4.34,2.7
0.31,Ideal,H,60,57,1046,4.41,4.39,2.64
0.31,Premium,H,60.5,58,1046,4.44,4.38,2.67
0.31,Ideal,H,61.8,56,1046,4.38,4.36,2.7
0.31,Premium,H,61,58,1046,4.38,4.34,2.66
0.31,Premium,H,61.7,58,1046,4.36,4.33,2.68
0.31,Ideal,H,62.1,54,1046,4.37,4.33,2.7
0.4,Ideal,I,62.4,56,1050,4.73,4.7,2.94
0.4,Ideal,I,62.2,56,1050,4.75,4.71,2.94
0.31,Ideal,E,60.7,56,1051,4.36,4.4,2.66
0.33,Ideal,G,61.6,55,1052,4.51,4.48,2.77
0.33,Good,G,57.9,60,1052,4.57,4.55,2.64
0.33,Ideal,G,62.2,56,1052,4.45,4.43,2.76
0.33,Ideal,G,61.6,53,1052,4.47,4.43,2.74
0.33,Ideal,G,61.7,55,1052,4.47,4.45,2.75
0.33,Ideal,G,61.6,56,1052,4.48,4.45,2.75
0.33,Ideal,G,61.8,55,1052,4.48,4.45,2.76
0.33,Ideal,G,62.1,56,1052,4.44,4.41,2.75
0.33,Premium,G,60.8,58,1052,4.46,4.42,2.7
0.33,Ideal,G,61.3,57,1052,4.46,4.42,2.72
0.33,Ideal,G,61.9,54,1052,4.46,4.42,2.75
0.31,Good,E,64.2,60,1052,4.28,4.22,2.73
0.36,Very Good,E,59.5,57,1053,4.68,4.73,2.8
0.4,Ideal,I,62.8,54,1053,4.7,4.72,2.96
0.36,Good,E,57.7,54,1053,4.74,4.79,2.75
0.43,Ideal,I,62,55,1056,4.83,4.85,3
0.43,Premium,I,61.2,58,1056,4.83,4.88,2.97
0.37,Ideal,G,62.1,55,1056,4.6,4.64,2.87
0.37,Ideal,G,61.4,55,1056,4.63,4.66,2.85
0.37,Ideal,G,61.2,56,1056,4.65,4.67,2.85
0.37,Ideal,G,62.1,54,1056,4.6,4.64,2.87
0.37,Ideal,G,61.2,56,1056,4.61,4.64,2.83
0.37,Ideal,G,61.5,56,1056,4.6,4.64,2.84
0.36,Ideal,F,62.5,54,1056,4.54,4.58,2.85
0.31,Premium,E,61,59,1060,4.36,4.39,2.67
0.31,Ideal,E,61.9,56,1060,4.35,4.37,2.7
0.31,Ideal,F,61.5,55,1061,4.34,4.37,2.68
0.31,Ideal,F,61.4,56,1061,4.38,4.41,2.7
0.41,Very Good,J,63.5,54,1061,4.75,4.7,3
0.41,Good,J,63.6,54,1061,4.75,4.72,3.01
0.36,Ideal,F,61.4,56,1063,4.57,4.61,2.82
0.36,Ideal,F,60.3,57,1063,4.61,4.65,2.79
0.4,Premium,J,62.7,60,1063,4.7,4.64,2.93
0.4,Premium,J,62.2,61,1063,4.71,4.68,2.92
0.4,Ideal,J,62.4,56,1063,4.74,4.71,2.95
0.4,Ideal,J,62.6,56,1063,4.75,4.71,2.96
0.38,Ideal,H,60,60,1064,4.71,4.76,2.84
0.38,Ideal,H,58.9,58,1064,4.69,4.81,2.8
0.37,Premium,G,59.8,58,1064,4.71,4.69,2.81
0.3,Premium,G,58.4,62,1071,4.43,4.4,2.58
0.35,Ideal,F,60.7,57,1073,4.6,4.56,2.78
0.36,Premium,G,61,59,1074,4.55,4.6,2.79
0.36,Premium,G,62.5,60,1074,4.49,4.53,2.82
0.36,Ideal,G,61.6,55,1074,4.57,4.59,2.82
0.34,Ideal,F,60.7,57,1074,4.5,4.53,2.74
0.4,Ideal,H,61.9,55,1074,4.76,4.77,2.95
0.4,Ideal,H,60.9,58,1074,4.75,4.78,2.9
0.38,Ideal,G,61.6,56,1074,4.67,4.72,2.89
0.41,Ideal,I,62.6,57,1076,4.78,4.74,2.98
0.33,Ideal,E,60.8,57,1079,4.44,4.47,2.71
0.32,Ideal,F,62.2,55,1080,4.4,4.38,2.73
0.32,Ideal,H,60.9,56,1080,4.42,4.41,2.69
0.32,Premium,H,61.2,58,1080,4.39,4.37,2.68
0.32,Premium,F,59.3,58,1080,4.47,4.44,2.62
0.31,Ideal,H,60.8,56,1081,4.42,4.4,2.68
0.34,Ideal,G,61.9,57,1084,4.48,4.47,2.77
0.34,Ideal,G,61.7,55,1084,4.5,4.48,2.77
0.34,Ideal,G,61.6,56,1084,4.51,4.48,2.77
0.34,Ideal,G,60.1,57,1084,4.58,4.54,2.74
0.34,Ideal,G,61.9,54,1084,4.49,4.46,2.77
0.34,Premium,G,62.3,59,1084,4.49,4.46,2.79
0.3,Premium,F,61.6,58,1085,4.34,4.3,2.66
0.37,Ideal,F,62,57,1092,4.59,4.62,2.85
0.33,Premium,G,59.4,59,1094,4.54,4.49,2.68
0.32,Ideal,E,62.6,55,1095,4.38,4.41,2.75
0.32,Ideal,E,61.9,56,1095,4.4,4.42,2.73
0.32,Premium,E,61.6,58,1095,4.38,4.39,2.7
0.3,Premium,E,61,59,1097,4.33,4.29,2.63
0.3,Premium,E,61.9,58,1097,4.3,4.26,2.65
0.3,Premium,E,60.1,60,1097,4.32,4.3,2.59
0.41,Ideal,H,61.1,54,1099,4.8,4.85,2.95
0.41,Ideal,H,61.8,55,1100,4.79,4.82,2.97
0.39,Ideal,G,61.9,54,1101,4.67,4.73,2.91
0.35,Ideal,H,61.7,54,1103,4.55,4.53,2.8
0.23,Very Good,E,59.9,58,492,3.98,4.03,2.4
0.24,Good,F,65.1,58,492,3.86,3.88,2.52
0.33,Ideal,F,61.5,55,1114,4.47,4.44,2.74
0.33,Ideal,H,62.1,55,1114,4.44,4.41,2.75
0.33,Ideal,H,61.9,55,1114,4.44,4.42,2.74
0.33,Premium,H,60.3,59,1114,4.49,4.47,2.7
0.33,Premium,H,62,58,1114,4.42,4.39,2.73
0.33,Premium,H,61.8,60,1114,4.44,4.4,2.73
0.35,Ideal,G,61.1,56,1116,4.59,4.54,2.79
0.35,Premium,G,59.1,59,1116,4.62,4.59,2.72
0.35,Ideal,G,61.4,55,1116,4.59,4.56,2.81
0.35,Premium,G,60.6,60,1116,4.57,4.54,2.76
0.35,Ideal,G,61.8,55,1116,4.56,4.54,2.81
0.35,Ideal,G,62.3,55,1116,4.52,4.5,2.81
0.35,Premium,G,62.2,58,1116,4.52,4.45,2.79
0.32,Ideal,H,61.1,56,1116,4.46,4.45,2.72
0.32,Premium,H,60.7,58,1116,4.47,4.46,2.71
0.3,Ideal,E,60.9,56,1120,4.31,4.33,2.63
0.4,Good,G,59.7,62,1120,4.75,4.8,2.85
0.31,Ideal,F,62.3,57,1122,4.34,4.3,2.69
0.31,Premium,F,60.8,59,1122,4.39,4.36,2.66
0.31,Premium,F,61.6,58,1122,4.37,4.33,2.68
0.31,Ideal,F,62.2,56,1122,4.34,4.31,2.69
0.38,Ideal,G,62,54,1125,4.66,4.7,2.9
0.42,Ideal,H,61.6,56,1126,4.84,4.87,2.99
0.39,Fair,G,57.1,61,1127,4.83,4.88,2.77
0.33,Ideal,E,61.9,57,1129,4.41,4.45,2.74
0.33,Premium,E,60.8,58,1129,4.46,4.49,2.72
0.43,Ideal,I,62,55,1129,4.85,4.83,3
0.43,Premium,I,61.2,58,1129,4.88,4.83,2.97
0.3,Premium,D,62.1,59,1130,4.27,4.29,2.66
0.39,Very Good,F,60.8,55,1131,4.73,4.77,2.89
0.3,Ideal,F,60.7,56,1131,4.35,4.38,2.65
0.31,Ideal,E,61.9,56,1133,4.37,4.35,2.7
0.31,Premium,E,61,59,1133,4.39,4.36,2.67
0.42,Ideal,H,61,56,1135,4.79,4.82,2.93
0.36,Ideal,F,62.2,55,1137,4.57,4.62,2.86
0.36,Ideal,F,61.4,55.9,1138,4.58,4.62,2.82
0.38,Premium,G,62.5,60,1148,4.61,4.64,2.89
0.34,Ideal,F,60.7,57,1148,4.53,4.5,2.74
0.36,Premium,G,62.5,60,1148,4.53,4.49,2.82
0.36,Premium,G,61,59,1148,4.6,4.55,2.79
0.36,Ideal,G,61.6,55,1148,4.59,4.57,2.82
0.35,Premium,E,59,61,1148,4.64,4.62,2.73
0.41,Ideal,F,62.2,54,1151,4.76,4.79,2.97
0.43,Ideal,H,61.9,55,1151,4.87,4.89,3.02
0.4,Ideal,H,61.9,56,1153,4.72,4.75,2.93
0.4,Very Good,G,61,59,1154,4.75,4.79,2.91
0.39,Ideal,G,61.7,55,1154,4.68,4.72,2.9
0.31,Ideal,F,60.2,57,1155,4.38,4.44,2.65
0.4,Ideal,H,62.7,57,1158,4.68,4.7,2.94
0.34,Ideal,E,62,56,1163,4.47,4.5,2.78
0.34,Ideal,E,62,56,1163,4.49,4.51,2.79
0.34,Ideal,E,61.7,56,1163,4.46,4.48,2.76
0.36,Ideal,H,61.3,57,1163,4.59,4.61,2.82
0.37,Fair,F,52.3,61,1166,4.96,4.91,2.58
0.31,Premium,D,60.2,59,1167,4.39,4.42,2.65
0.31,Ideal,F,61.4,56,1168,4.37,4.42,2.7
0.31,Ideal,F,61,56,1168,4.38,4.41,2.68
0.31,Ideal,F,61.2,57,1168,4.35,4.38,2.67
0.31,Ideal,F,61.4,56,1168,4.4,4.43,2.71
0.32,Ideal,E,62.6,55,1170,4.41,4.38,2.75
0.32,Ideal,E,61.9,56,1170,4.42,4.4,2.73
0.32,Premium,E,61.6,58,1170,4.39,4.38,2.7
0.32,Very Good,D,62,56,1171,4.39,4.43,2.73
0.4,Very Good,G,62.3,59,1173,4.67,4.7,2.92
0.4,Very Good,G,61.8,58,1173,4.69,4.73,2.91
0.44,Ideal,H,61.9,54,1177,4.9,4.95,3.05
0.44,Ideal,H,61.4,55,1177,4.92,4.95,3.03
0.47,Ideal,I,62.2,55,1178,4.99,5.01,3.11
0.39,Very Good,F,59.9,59,1183,4.78,4.84,2.88
0.44,Ideal,H,61.5,56,1185,4.89,4.93,3.02
0.41,Ideal,H,61.8,55,1187,4.76,4.79,2.95
0.41,Ideal,H,62.1,56,1187,4.74,4.76,2.95
0.41,Very Good,H,62.9,54,1187,4.71,4.74,2.97
0.31,Ideal,E,60.4,56,1188,4.43,4.38,2.66
0.39,Ideal,G,62.1,53.7,1189,4.67,4.71,2.91
0.46,Ideal,I,62.2,55,1192,4.94,4.97,3.08
0.4,Ideal,G,62,57,1193,4.73,4.75,2.94
0.38,Ideal,F,61,56,1193,4.68,4.7,2.86
0.44,Very Good,H,61.1,57,1194,4.91,4.94,3.01
0.41,Very Good,G,60.9,59,1197,4.8,4.85,2.94
0.35,Ideal,E,61.4,56,1197,4.53,4.56,2.79
0.35,Ideal,E,62.2,56,1197,4.51,4.52,2.81
0.4,Ideal,G,61.2,56,1199,4.74,4.77,2.91
0.39,Ideal,G,61.4,54,1200,4.71,4.73,2.9
0.42,Ideal,H,62.4,57,1201,4.79,4.82,2.99
0.39,Ideal,G,61.6,56,1201,4.69,4.73,2.9
0.48,Ideal,I,61.4,55,1202,5.05,5.08,3.11
0.32,Ideal,F,61.8,56,1204,4.4,4.44,2.73
0.32,Ideal,F,61.2,56,1204,4.41,4.45,2.71
0.4,Very Good,E,62.9,58,1207,4.68,4.77,2.97
0.33,Ideal,E,61.9,57,1207,4.45,4.41,2.74
0.33,Premium,E,60.8,58,1207,4.49,4.46,2.72
0.3,Fair,D,60.5,57,1208,4.47,4.35,2.67
0.46,Premium,I,59.4,60,1208,5.04,5.02,2.99
0.3,Premium,D,62.1,59,1208,4.29,4.27,2.66
0.31,Very Good,E,61.5,59,1209,4.34,4.37,2.68
0.39,Ideal,G,60.6,56,1209,4.73,4.76,2.87
0.36,Ideal,F,61.7,55,1210,4.58,4.62,2.84
0.38,Ideal,F,60.7,57,1212,4.69,4.73,2.86
0.38,Ideal,F,61.5,56,1212,4.67,4.7,2.88
0.38,Ideal,F,62.2,54,1212,4.64,4.69,2.9
0.39,Good,G,63.5,56,1213,4.65,4.67,2.96
0.42,Ideal,H,61,56,1213,4.82,4.79,2.93
0.31,Ideal,E,61.5,56,1214,4.35,4.4,2.69
0.31,Ideal,E,62.5,56,1214,4.34,4.37,2.72
0.31,Ideal,E,63,55,1214,4.34,4.37,2.73
0.31,Ideal,E,61.8,54,1214,4.36,4.38,2.7
0.36,Ideal,F,62.2,55,1215,4.62,4.57,2.86
0.42,Ideal,H,61.9,56,1216,4.79,4.81,2.97
0.42,Ideal,H,61.7,55,1216,4.82,4.84,2.98
0.4,Very Good,F,61.1,57,1217,4.73,4.77,2.9
0.38,Ideal,F,62.2,54,1218,4.65,4.68,2.9
0.4,Very Good,G,61.2,57,1220,4.77,4.79,2.92
0.46,Ideal,J,61.8,56,1221,4.98,4.95,3.07
0.38,Premium,G,62.5,60,1227,4.64,4.61,2.89
0.4,Very Good,G,61.4,54,1229,4.76,4.79,2.93
0.36,Premium,E,59.4,61,1229,4.69,4.61,2.76
0.4,Ideal,G,62,56,1229,4.73,4.76,2.94
0.4,Ideal,G,61.8,55,1229,4.76,4.79,2.95
0.4,Ideal,G,61.7,57,1229,4.7,4.73,2.91
0.4,Ideal,G,61.2,56,1229,4.76,4.81,2.93
0.4,Ideal,G,62.3,55,1229,4.74,4.76,2.96
0.4,Ideal,G,61.1,58,1229,4.72,4.74,2.89
0.38,Ideal,F,62.2,54,1229,4.68,4.71,2.92
0.24,Ideal,H,62.5,54,504,3.97,4,2.49
0.24,Ideal,H,62.1,57,504,4,4.04,2.5
0.24,Ideal,H,61.8,54,504,3.99,4.03,2.47
0.4,Ideal,H,62.7,57,1238,4.7,4.68,2.94
0.4,Ideal,G,63.1,54,1239,4.69,4.73,2.97
0.4,Ideal,G,61.8,55,1239,4.75,4.79,2.95
0.31,Ideal,E,60.4,56,1239,4.43,4.38,2.66
0.33,Ideal,F,60.8,55,1240,4.49,4.53,2.74
0.33,Ideal,F,61.2,56,1240,4.47,4.49,2.74
0.33,Ideal,F,61.3,55,1240,4.47,4.5,2.75
0.33,Ideal,F,61.2,56,1240,4.47,4.49,2.74
0.34,Ideal,E,62,56,1243,4.51,4.49,2.79
0.34,Ideal,E,61.7,56,1243,4.48,4.46,2.76
0.34,Ideal,E,62,56,1243,4.5,4.47,2.78
0.41,Ideal,H,61.8,55,1243,4.79,4.76,2.95
0.41,Ideal,H,62.9,54,1243,4.74,4.71,2.97
0.41,Ideal,H,62.1,56,1243,4.76,4.74,2.95
0.43,Ideal,H,62.2,55,1245,4.84,4.87,3.02
0.39,Ideal,E,62.5,57,1248,4.7,4.74,2.95
0.31,Premium,D,60.2,59,1248,4.42,4.39,2.65
0.31,Ideal,D,61.1,56,1251,4.39,4.42,2.69
0.42,Ideal,G,62,57,1251,4.8,4.82,2.98
0.32,Good,D,57.8,56,1252,4.55,4.65,2.66
0.35,Ideal,E,61.4,56,1254,4.56,4.53,2.79
0.35,Ideal,E,62.2,56,1254,4.52,4.51,2.81
0.41,Very Good,F,63.3,56,1255,4.69,4.75,2.99
0.44,Ideal,H,62,57,1255,4.87,4.91,3.02
0.4,Ideal,G,61.1,56,1257,4.76,4.79,2.92
0.4,Ideal,G,61.5,57,1257,4.72,4.76,2.91
0.41,Ideal,G,62.4,54,1259,4.77,4.82,2.99
0.41,Ideal,G,61.6,55,1259,4.78,4.83,2.96
0.41,Ideal,G,62.4,54,1259,4.76,4.79,2.98
0.41,Ideal,G,61.7,56,1259,4.78,4.81,2.96
0.41,Ideal,G,61.7,56,1259,4.79,4.81,2.96
0.4,Very Good,F,62.9,55,1261,4.68,4.7,2.95
0.4,Ideal,F,61.8,55,1261,4.74,4.8,2.95
0.41,Ideal,G,61.5,57,1269,4.78,4.82,2.95
0.39,Very Good,G,63.5,56,1271,4.67,4.65,2.96
0.39,Premium,G,59.8,55,1271,4.84,4.77,2.87
0.42,Ideal,H,61.7,55,1273,4.84,4.82,2.98
0.42,Ideal,H,61.9,56,1273,4.81,4.79,2.97
0.41,Ideal,G,62.1,57,1276,4.76,4.77,2.96
0.34,Ideal,F,61.7,55,1276,4.49,4.52,2.78
0.34,Ideal,F,61.9,55,1276,4.49,4.52,2.79
0.34,Ideal,F,61.7,55,1276,4.49,4.52,2.78
0.34,Ideal,F,61.4,57,1276,4.49,4.5,2.76
0.43,Ideal,G,61.6,57,1280,4.81,4.84,2.97
0.38,Very Good,F,60.2,58,1284,4.73,4.7,2.84
0.43,Very Good,G,62.7,58,1286,4.8,4.84,3.02
0.43,Ideal,G,61.7,57,1286,4.83,4.86,2.99
0.42,Ideal,G,61.5,56,1289,4.84,4.85,2.98
0.42,Ideal,G,61.9,53,1289,4.83,4.87,3
0.42,Ideal,G,62.6,53,1289,4.79,4.82,3.01
0.42,Ideal,G,62.3,54,1289,4.82,4.85,3.01
0.42,Ideal,G,62,53,1289,4.83,4.85,3
0.42,Ideal,G,62.2,54,1289,4.81,4.84,3
0.33,Ideal,E,62.1,55,1289,4.43,4.46,2.76
0.39,Premium,F,58,61,1290,4.83,4.79,2.79
0.4,Ideal,F,62.3,57,1292,4.69,4.71,2.93
0.39,Premium,G,59,60,1300,4.75,4.78,2.81
0.32,Ideal,E,61.2,57,1300,4.4,4.43,2.7
0.38,Ideal,E,61.4,55,1300,4.68,4.7,2.88
0.41,Ideal,F,61.7,56,1304,4.79,4.83,2.97
0.43,Ideal,H,62.2,55,1304,4.87,4.84,3.02
0.42,Ideal,G,62,57,1310,4.82,4.8,2.98
0.31,Ideal,D,61.1,56,1310,4.42,4.39,2.69
0.35,Ideal,F,60.9,55,1312,4.58,4.61,2.8
0.41,Very Good,F,61.6,58,1313,4.75,4.79,2.94
0.43,Ideal,G,62.5,54,1318,4.83,4.86,3.03
0.43,Ideal,G,62.4,54,1318,4.84,4.87,3.03
0.43,Ideal,G,61.3,56,1318,4.86,4.9,2.99
0.43,Ideal,G,61.9,53,1318,4.87,4.88,3.02
0.38,Good,E,59.1,58,1318,4.74,4.77,2.81
0.31,Ideal,E,61,57,1319,4.36,4.39,2.67
0.31,Very Good,D,62,56,1331,4.33,4.35,2.69
0.4,Premium,G,59.8,58,1333,4.79,4.85,2.88
0.4,Ideal,G,61.4,55,1333,4.76,4.79,2.93
0.4,Premium,G,60.8,58,1333,4.73,4.77,2.89
0.38,Ideal,F,62.2,55,1333,4.64,4.66,2.89
0.4,Ideal,G,62.2,55,1333,4.73,4.76,2.95
0.39,Ideal,E,61.3,56,1333,4.71,4.75,2.9
0.39,Ideal,E,61.1,57,1333,4.73,4.76,2.9
0.41,Ideal,G,62.1,57,1336,4.77,4.76,2.96
0.43,Ideal,G,61.6,57,1341,4.84,4.81,2.97
0.44,Ideal,G,62.2,54,1348,4.89,4.92,3.05
0.44,Ideal,G,62.2,53,1348,4.9,4.94,3.06
0.32,Ideal,E,61.4,56,1359,4.38,4.42,2.7
0.39,Premium,G,59,60,1362,4.78,4.75,2.81
0.41,Ideal,G,61.7,56,1367,4.77,4.8,2.95
0.41,Ideal,G,62.4,54,1367,4.74,4.78,2.97
0.41,Ideal,G,62.3,55,1367,4.75,4.78,2.97
0.41,Ideal,G,61,57,1367,4.79,4.81,2.93
0.41,Ideal,G,61.7,56,1367,4.77,4.8,2.95
0.36,Very Good,E,60.3,57,1368,4.6,4.63,2.78
0.39,Ideal,F,61.9,57,1368,4.68,4.69,2.9
0.45,Ideal,G,62.8,53,1377,4.92,4.95,3.1
0.45,Ideal,G,61.4,56,1377,4.96,4.97,3.05
0.45,Ideal,G,62,53,1377,4.94,4.99,3.08
0.45,Ideal,G,61,57,1377,4.96,5,3.04
0.39,Ideal,F,61,56,1377,4.72,4.75,2.89
0.44,Ideal,G,61.3,55,1378,4.91,4.95,3.02
0.46,Ideal,H,62.3,54,1382,4.94,4.98,3.09
0.52,Ideal,J,62.1,56,1385,5.18,5.12,3.2
0.33,Ideal,F,62.1,56,1389,4.41,4.44,2.75
0.42,Premium,F,62.2,56,1389,4.85,4.8,3
0.42,Ideal,G,62.4,57,1394,4.79,4.82,3
0.38,Ideal,F,62.2,55,1397,4.66,4.64,2.89
0.4,Premium,G,59.8,58,1397,4.85,4.79,2.88
0.4,Ideal,G,61.4,55,1397,4.79,4.76,2.93
0.4,Premium,G,60.8,58,1397,4.77,4.73,2.89
0.4,Ideal,G,62.2,55,1397,4.76,4.73,2.95
0.42,Ideal,G,61.6,56,1400,4.85,4.86,2.99
0.42,Ideal,G,60.4,55,1400,4.85,4.86,2.93
0.42,Ideal,G,62.7,56,1400,4.76,4.77,2.99
0.42,Premium,G,60.2,59,1400,4.8,4.87,2.91
0.42,Ideal,G,62.1,56,1400,4.8,4.83,2.99
0.42,Premium,G,61.6,58,1400,4.76,4.79,2.94
0.38,Ideal,E,61.4,55,1402,4.68,4.74,2.89
0.38,Ideal,E,62.2,54.1,1402,4.64,4.67,2.89
0.4,Good,F,63.5,58,1404,4.69,4.7,2.98
0.4,Very Good,F,62.8,57,1404,4.65,4.68,2.93
0.4,Ideal,F,61.9,54,1406,4.75,4.81,2.96
0.44,Good,G,58.5,61,1407,4.99,5.03,2.93
0.38,Very Good,E,62.5,59,1409,4.61,4.64,2.89
0.39,Ideal,E,61.5,55.5,1418,4.68,4.72,2.88
0.41,Ideal,E,62.1,54,1419,4.75,4.81,2.97
0.38,Very Good,E,59.5,57,1421,4.77,4.84,2.86
0.41,Ideal,G,62,55,1425,4.8,4.81,2.98
0.41,Ideal,G,61,57,1431,4.81,4.79,2.93
0.41,Ideal,G,62.3,55,1431,4.78,4.75,2.97
0.41,Ideal,G,61.7,56,1431,4.8,4.77,2.95
0.41,Ideal,G,61.7,56,1431,4.8,4.77,2.95
0.41,Ideal,G,62.4,54,1431,4.78,4.74,2.97
0.43,Ideal,G,61.2,57,1433,4.81,4.86,2.96
0.38,Ideal,E,62.7,55,1433,4.61,4.67,2.91
0.43,Ideal,G,62.1,54,1433,4.83,4.87,3.01
0.38,Ideal,E,61.9,56,1433,4.65,4.66,2.88
0.43,Premium,G,60.9,59,1433,4.88,4.94,2.99
0.43,Premium,G,61.1,58,1433,4.86,4.89,2.98
0.43,Premium,G,61.4,59,1433,4.79,4.85,2.96
0.43,Premium,G,61,58,1433,4.82,4.88,2.96
0.43,Ideal,G,61.8,55,1433,4.85,4.89,3.01
0.38,Ideal,E,61.1,56,1433,4.67,4.72,2.87
0.43,Ideal,G,61.8,56,1433,4.86,4.88,3.01
0.39,Ideal,F,61.9,57,1433,4.69,4.68,2.9
0.45,Good,G,59.6,61,1437,5,5.04,2.99
0.41,Ideal,F,61.3,56,1439,4.76,4.77,2.92
0.41,Ideal,F,61.9,56,1439,4.77,4.79,2.96
0.41,Premium,F,62.6,58,1439,4.73,4.76,2.97
0.41,Ideal,F,61.6,56,1439,4.79,4.82,2.96
0.41,Ideal,F,61.4,56,1439,4.77,4.81,2.94
0.41,Ideal,F,62.1,55,1439,4.76,4.81,2.97
0.41,Ideal,F,61.9,56,1439,4.78,4.81,2.97
0.41,Ideal,F,61.4,58,1439,4.78,4.83,2.95
0.41,Ideal,F,61.4,56,1439,4.81,4.83,2.96
0.41,Ideal,F,62.3,55,1439,4.78,4.82,2.99
0.41,Ideal,F,61.7,56,1439,4.79,4.83,2.97
0.53,Good,H,61.2,65,1440,5.16,5.27,3.19
0.37,Fair,D,61.2,57,1440,4.68,4.73,2.88
0.46,Ideal,G,62.5,57,1441,4.89,4.94,3.07
0.46,Ideal,H,62.2,55,1450,4.94,4.99,3.09
0.25,Good,E,65.6,54,512,3.91,3.95,2.58
0.45,Ideal,G,61.7,55,1548,4.93,4.96,3.05
0.46,Ideal,G,61.6,54,1558,4.97,5,3.07
0.46,Ideal,G,60.9,57,1560,4.98,5.01,3.04
0.4,Ideal,G,61.9,56,1570,4.7,4.76,2.93
0.32,Ideal,J,61,57,521,4.42,4.46,2.71
0.43,Ideal,F,61.5,56,1580,4.89,4.86,3
0.43,Ideal,F,62,56,1580,4.87,4.84,3.01
0.43,Ideal,F,60.9,57,1580,4.89,4.86,2.97
0.4,Premium,E,61.3,58,1580,4.77,4.73,2.91
0.4,Ideal,F,60.9,57,1583,4.81,4.84,2.94
0.57,Very Good,J,59.8,59,1592,5.39,5.41,3.23
0.41,Ideal,F,61.1,58,1621,4.82,4.84,2.95
0.39,Ideal,G,60.1,57,1624,4.74,4.77,2.85
0.54,Ideal,I,61.6,53,1647,5.26,5.3,3.25
0.53,Ideal,I,62.1,55,1654,5.18,5.22,3.23
0.46,Ideal,G,62.1,56,1654,4.93,4.96,3.07
0.54,Ideal,I,60.8,56,1669,5.28,5.37,3.24
0.43,Ideal,G,61.3,55,1683,4.86,4.89,2.99
0.56,Ideal,I,61.9,54,1689,5.29,5.34,3.29
0.25,Ideal,H,61.4,57,525,4.05,4.08,2.49
0.25,Very Good,F,63.3,59,526,3.99,4.04,2.54
0.5,Very Good,H,61.3,60,1706,5.08,5.17,3.14
0.54,Very Good,I,58.8,61,1708,5.29,5.35,3.13
0.53,Ideal,H,60.2,56,1712,5.29,5.32,3.19
0.42,Very Good,F,60,58,1722,4.87,4.9,2.93
0.46,Ideal,G,62.1,56,1733,4.96,4.93,3.07
0.54,Ideal,I,62.5,55,1763,5.21,5.26,3.27
0.57,Ideal,I,61,55,1779,5.38,5.41,3.29
0.48,Ideal,G,61.9,55,1791,5.03,5.08,3.13
0.52,Ideal,H,61.8,55,1798,5.17,5.19,3.2
0.5,Very Good,H,61,60,1799,5.08,5.12,3.11
0.46,Good,F,57.5,58,1806,5.12,5.18,2.96
0.46,Good,F,56.2,61,1806,5.16,5.24,2.92
0.47,Ideal,G,62.1,54,1814,4.99,5.02,3.11
0.33,Very Good,J,60.9,54,529,4.47,4.53,2.74
0.31,Ideal,F,61.2,57,1818,4.35,4.38,2.67
0.54,Premium,I,58.8,61,1836,5.35,5.29,3.13
0.5,Ideal,H,61.1,58,1844,5.1,5.14,3.13
0.5,Ideal,H,62.4,54,1844,5.1,5.13,3.19
0.5,Premium,H,60.3,58,1846,5.14,5.18,3.11
0.52,Fair,G,65.5,55,1849,4.98,5.06,3.29
0.48,Ideal,G,61.6,54,1859,5.03,5.1,3.12
0.49,Very Good,G,59.7,56,1865,5.16,5.19,3.09
0.47,Ideal,H,61.9,56,1865,4.99,5.02,3.1
0.47,Ideal,H,62.4,57,1865,4.97,5,3.11
0.59,Premium,I,61.2,58,1866,5.38,5.41,3.3
0.51,Ideal,H,62.3,54,1879,5.14,5.17,3.21
0.51,Ideal,H,62,54,1879,5.14,5.18,3.2
0.23,Very Good,F,59.5,58,530,4,4.03,2.39
0.51,Ideal,H,60.3,58,1899,5.15,5.17,3.11
0.55,Ideal,H,62.3,54,1905,5.25,5.28,3.28
0.51,Ideal,H,62.1,55,1905,5.14,5.2,3.21
0.31,Ideal,D,60.5,57,1917,4.39,4.41,2.66
0.32,Premium,J,61.2,59,533,4.41,4.44,2.71
0.32,Ideal,J,62.2,55,533,4.4,4.44,2.75
0.32,Ideal,J,62.2,56,533,4.37,4.41,2.73
0.51,Ideal,H,62.6,56,1920,5.1,5.13,3.2
0.53,Ideal,H,62,54,1920,5.19,5.23,3.23
0.5,Very Good,H,61.4,61,1923,5.14,5.03,3.12
0.5,Ideal,H,61,56,1923,5.15,5.17,3.15
0.53,Ideal,H,62,54,1949,5.22,5.27,3.25
0.46,Ideal,F,62,55,1950,4.96,4.98,3.08
0.52,Ideal,H,62.1,57,1956,5.13,5.16,3.19
0.53,Premium,H,62.5,59,1957,5.15,5.18,3.23
0.23,Ideal,G,61.8,56,536,3.92,3.94,2.43
0.23,Ideal,G,62.8,55,536,3.93,3.96,2.48
0.23,Ideal,G,61.7,55,536,3.94,3.98,2.44
0.59,Premium,I,61.2,58,1965,5.41,5.38,3.3
0.52,Ideal,H,59.2,58,1967,5.23,5.31,3.12
0.5,Premium,H,61.4,61,1971,5.14,5.03,3.12
0.5,Good,G,64,55,1976,5.05,5.08,3.24
0.54,Ideal,H,61.5,54,1981,5.27,5.3,3.25
0.46,Ideal,G,61.7,56,1987,4.97,5.01,3.08
0.46,Ideal,G,61.1,56,1987,5,5.02,3.06
0.52,Ideal,I,60.2,56,1988,5.23,5.27,3.16
0.64,Ideal,I,62,54,1991,5.53,5.56,3.44
0.59,Good,J,63.7,59,2053,5.3,5.28,3.37
0.52,Ideal,G,61.5,56,2055,5.16,5.21,3.19
0.61,Very Good,I,60.2,57,2057,5.49,5.58,3.33
0.53,Ideal,H,61.4,55,2059,5.21,5.24,3.21
0.48,Ideal,F,62,54,2059,5,5.05,3.11
0.51,Very Good,G,63.8,58,2063,5.06,5.09,3.24
0.51,Ideal,H,59.6,59,2063,5.2,5.24,3.11
0.67,Very Good,I,61.4,56,2066,5.59,5.65,3.45
0.5,Good,G,64,55,2081,5.08,5.05,3.24
0.51,Very Good,G,59.3,57,2084,5.25,5.31,3.13
0.52,Good,G,59.8,57,2093,5.24,5.27,3.14
0.54,Ideal,H,60.9,57,2096,5.26,5.31,3.22
0.51,Ideal,G,62.4,54,2096,5.12,5.17,3.21
0.55,Ideal,I,60.1,56,2098,5.33,5.38,3.22
0.51,Very Good,G,62.6,56,2102,5.09,5.13,3.2
0.5,Ideal,G,61.5,56,2104,5.11,5.14,3.15
0.52,Ideal,I,60.9,57,2111,5.17,5.21,3.16
0.55,Ideal,H,61.5,55,2120,5.25,5.29,3.25
0.55,Ideal,H,61.9,56,2120,5.26,5.34,3.26
0.54,Very Good,G,62.5,58,2128,5.19,5.27,3.27
0.55,Ideal,H,61.7,55,2133,5.27,5.29,3.26
0.56,Ideal,H,61.3,56,2135,5.32,5.35,3.27
0.53,Ideal,G,62.7,56,2137,5.23,5.13,3.25
0.46,Good,D,58.6,59,2139,5.06,5.11,2.98
0.52,Fair,F,64.6,58,2144,5.04,5.17,3.3
0.51,Ideal,G,62.9,58,2146,5.07,5.11,3.2
0.7,Premium,J,60.5,59,2150,5.67,5.73,3.45
0.48,Ideal,F,62.1,55,2154,5,5.05,3.12
0.56,Ideal,H,60.4,57,2157,5.35,5.39,3.24
0.56,Ideal,H,61.3,55,2157,5.31,5.33,3.26
0.51,Ideal,G,61.6,54,2162,5.17,5.19,3.19
0.51,Ideal,G,61.3,56,2163,5.15,5.19,3.16
0.52,Ideal,G,61.5,56,2164,5.21,5.16,3.19
0.54,Ideal,G,61.5,56,2177,5.28,5.25,3.24
0.57,Ideal,H,62.2,56,2195,5.3,5.33,3.3
0.51,Ideal,G,61.4,54,2208,5.18,5.24,3.2
0.54,Ideal,H,60.3,55,2210,5.29,5.33,3.2
0.57,Ideal,H,61,57,2210,5.35,5.38,3.27
0.47,Fair,D,60.6,60,2211,5.09,4.98,3.05
0.58,Ideal,H,61.6,57,2211,5.34,5.37,3.3
0.5,Very Good,F,59.7,60,2219,5.18,5.24,3.11
0.58,Ideal,H,60.2,56,2233,5.43,5.46,3.28
0.5,Very Good,F,61.4,60,2238,5.07,5.1,3.12
0.53,Ideal,G,61.8,57,2247,5.18,5.22,3.21
0.53,Ideal,G,61.4,56,2247,5.2,5.24,3.21
0.53,Ideal,G,61.9,56,2247,5.18,5.22,3.21
0.7,Premium,J,60.5,59,2264,5.73,5.67,3.45
0.55,Good,F,60.8,60,2266,5.26,5.36,3.23
0.52,Ideal,G,61.7,56,2267,5.15,5.19,3.19
0.6,Ideal,H,61.9,56,2270,5.4,5.45,3.36
0.54,Ideal,G,62.3,56,2271,5.19,5.21,3.24
0.54,Ideal,G,62.5,57,2271,5.16,5.2,3.24
0.74,Very Good,J,60.3,58,2277,5.82,5.86,3.52
0.56,Ideal,G,62,56,2279,5.28,5.33,3.29
0.72,Ideal,J,62,55,2279,5.74,5.77,3.57
0.34,Ideal,D,62.1,57,2287,4.46,4.52,2.79
0.34,Ideal,D,59.8,57,2287,4.57,4.59,2.74
0.5,Ideal,G,60.8,54,2287,5.19,5.2,3.16
0.54,Ideal,G,61.2,57,2289,5.26,5.28,3.22
0.54,Ideal,G,61.5,55,2289,5.24,5.3,3.23
0.53,Ideal,G,60.6,56,2293,5.27,5.33,3.21
0.53,Ideal,G,60.3,56,2293,5.29,5.33,3.2
0.56,Ideal,G,61.7,55,2298,5.29,5.34,3.28
0.56,Ideal,G,61.8,54,2298,5.31,5.33,3.29
0.51,Very Good,F,59.4,60,2304,5.18,5.23,3.09
0.55,Very Good,G,60.2,60,2314,5.29,5.38,3.21
0.59,Very Good,H,61.7,56,2317,5.42,5.48,3.36
0.56,Ideal,G,62.2,54,2321,5.3,5.34,3.31
0.56,Ideal,G,62,54,2321,5.3,5.32,3.29
0.65,Very Good,I,61,55,2332,5.65,5.73,3.47
0.34,Ideal,D,62.1,57,2346,4.52,4.46,2.79
0.34,Ideal,D,59.8,57,2346,4.59,4.57,2.74
0.5,Ideal,H,61.8,56,2352,5.1,5.13,3.16
0.54,Ideal,G,61.6,57,2361,5.22,5.27,3.23
0.62,Very Good,H,60.3,59,2367,5.52,5.55,3.34
0.53,Ideal,G,62.1,57,2372,5.16,5.21,3.22
0.55,Ideal,G,61.1,57,2383,5.26,5.31,3.23
0.52,Ideal,G,61.7,56,2387,5.19,5.15,3.19
0.62,Premium,H,58.9,58,2389,5.65,5.58,3.31
0.54,Premium,F,61.9,60,2391,5.26,5.21,3.24
0.52,Ideal,F,61.7,56,2393,5.16,5.18,3.19
0.53,Very Good,F,59.6,58,2395,5.28,5.32,3.16
0.55,Ideal,G,62,55,2398,5.25,5.29,3.27
0.55,Ideal,G,60.6,56,2399,5.31,5.33,3.22
0.56,Ideal,G,62,56,2399,5.33,5.28,3.29
0.63,Good,H,59.3,62,2404,5.66,5.7,3.37
0.61,Very Good,G,63,58,2411,5.36,5.43,3.4
0.5,Ideal,F,61.2,57,2419,5.11,5.15,3.14
0.64,Ideal,H,60.5,57,2420,5.58,5.62,3.39
0.52,Ideal,F,60.3,60,2427,5.24,5.27,3.17
0.61,Ideal,H,62,54.4,2438,5.44,5.47,3.38
0.55,Ideal,G,60,57,2440,5.33,5.39,3.22
0.52,Ideal,H,61.4,56,2441,5.19,5.23,3.2
0.56,Ideal,G,62,56,2442,5.3,5.32,3.29
0.56,Ideal,G,61.4,57,2442,5.29,5.32,3.26
0.26,Ideal,H,62.1,55,545,4.09,4.13,2.55
0.26,Ideal,H,61.2,57,545,4.13,4.16,2.53
0.26,Very Good,E,58.7,63,547,4.19,4.23,2.47
0.56,Ideal,G,61.8,56,2442,5.28,5.34,3.28
0.59,Ideal,G,62,54,2444,5.38,5.43,3.35
0.53,Ideal,F,62.4,55,2447,5.2,5.19,3.24
0.61,Ideal,H,59.4,59,2461,5.55,5.59,3.31
0.62,Ideal,H,61.9,55,2469,5.5,5.52,3.41
0.25,Very Good,F,59.4,62,548,4.12,4.13,2.45
0.62,Ideal,H,60.5,58,2501,5.48,5.52,3.33
0.52,Ideal,F,60.3,57,2504,5.23,5.28,3.17
0.44,Ideal,G,61.6,55,2506,4.9,4.93,3.03
0.58,Ideal,G,60.9,57,2508,5.39,5.46,3.3
0.51,Ideal,F,62.4,55,2524,5.11,5.14,3.2
0.58,Ideal,G,62.1,56,2528,5.35,5.37,3.32
0.58,Ideal,G,61.3,56,2528,5.36,5.39,3.29
0.5,Ideal,F,60.6,58,2529,5.13,5.16,3.12
0.6,Ideal,G,62.2,55,2533,5.36,5.44,3.36
0.53,Very Good,E,59.8,60,2542,5.28,5.35,3.18
0.59,Ideal,G,59.5,58,2551,5.49,5.57,3.29
0.59,Very Good,F,62.8,56,2554,5.31,5.36,3.35
0.6,Ideal,G,62,55,2570,5.39,5.44,3.36
0.52,Ideal,F,60.6,57,2575,5.21,5.22,3.16
0.61,Ideal,G,61.7,55,2575,5.44,5.49,3.37
0.24,Very Good,F,60.4,58,552,4.02,4.06,2.44
0.24,Very Good,F,60,57,552,4.07,4.1,2.45
0.52,Ideal,F,60.6,57,2598,5.22,5.21,3.16
0.61,Ideal,G,61.8,52,2601,5.46,5.55,3.4
0.59,Very Good,G,60.9,57,2611,5.38,5.42,3.29
0.59,Ideal,G,62.5,57,2611,5.34,5.38,3.35
0.59,Very Good,F,59.9,63,2632,5.44,5.47,3.27
0.5,Ideal,F,62,55,2645,5.09,5.13,3.17
0.62,Ideal,G,62.2,54,2655,5.46,5.51,3.41
0.57,Ideal,F,61.3,56,2656,5.32,5.36,3.28
0.53,Ideal,F,61.3,57,2658,5.19,5.21,3.19
0.61,Ideal,G,62.3,56,2659,5.42,5.46,3.39
0.48,Very Good,D,60.6,55,2677,5.08,5.12,3.09
0.53,Ideal,F,61.3,57,2682,5.21,5.19,3.19
0.71,Ideal,I,61.7,59,2701,5.7,5.74,3.53
0.56,Very Good,E,59.9,60,2724,5.31,5.38,3.2
0.54,Ideal,F,62.2,54,2729,5.24,5.27,3.27
0.51,Ideal,F,62.5,54,2730,5.12,5.16,3.21
0.52,Ideal,F,61.7,57,2733,5.13,5.17,3.18
0.52,Ideal,F,61.5,57,2749,5.15,5.19,3.18
0.57,Premium,E,59.8,60,2753,5.43,5.38,3.23
