FINAL Sample NAME,Biological_Replicate,Technical_Replicate,Negative_control,Collection_Date_UTC,Collection_Date_local,Collection_Time_UTC,Collection_Time_local,Field_Sample_Name,Cast,Rosette_position,Field_collection_method,Preservation,Area.within.region,Station,Depth_m,Lat,Lon,Sample_volume_ml,Personnel_responsible_for_Collecting_Sample,Field_Notes,e_num,Cruise_ID_short,Cruise_ID_long,Lat_dec,Lon_dec,local_timezone,local_date_combined,utc_date_combined,ctd_timeJ_Julian_Days,"ctd_Pressure, Strain Gauge [db]","ctd_Depth [salt water, m], lat","ctd_Temperature [ITS-90, deg C]",ctd_Conductivity [S/m],"ctd_Salinity, Practical [PSU]","ctd_Sound Velocity [Chen-Millero, m/s]","ctd_Oxygen, SBE 43 [mg/l]","ctd_flSP_Fluorescence,_Seapoint","ctd_Beam Attenuation, WET Labs C-Star [1/m]","ctd_Beam Transmission, WET Labs C-Star [%]",ctd_Descent Rate [m/s],ctd_bpos_Bottle_Position_in_Carousel,ctd_scan_Scan_Count,ctd_nbf_Bottles_Fired,ctd_flag_0.000e+00,ctd_time,ctd_station_id,ctd_quag_time_difference,moor_pres,moor_cond,moor_temp,moor_oxy_mg,moor_time,moor_sal,moor_dens,moor_depth,moor_station_id,moor_datetime,model_ocean_time,model_s_w,model_s_rho,model_AKs.meter2_second-1,model_AKv.meter2_second-1,model_Cs_r,model_Cs_w,model_LdetritusC.millimole_carbon_meter-3,model_LdetritusN.millimole_nitrogen_meter-3,model_NH4.millimole_nitrogen_meter-3,model_NO3.millimole_nitrogen_meter-3,model_Pair.millibar,model_SdetritusC.millimole_carbon_meter-3,model_SdetritusN.millimole_nitrogen_meter-3,model_TIC.millimole_carbon_meter-3,model_Uwind.meter_second-1,model_Vwind.meter_second-1,model_alkalinity.milliequivalents_meter-3,model_bustr.newton_meter-2,model_bvstr.newton_meter-2,model_h.meter,model_hc.meter,model_lat_rho.degree_north,model_lat_u.degree_north,model_lat_v.degree_north,model_latent.watt_meter-2,model_lon_rho.degree_east,model_lon_u.degree_east,model_lon_v.degree_east,model_lwrad.watt_meter-2,model_oxygen.millimole_oxygen_meter-3,model_phytoplankton.millimole_nitrogen_meter-3,model_salt.g_kg-1,model_sensible.watt_meter-2,model_shflux.watt_meter-2,model_ssflux.meter_second-1,model_sustr.newton_meter-2,model_svstr.newton_meter-2,model_swrad.watt_meter-2,model_temp.Celsius,model_u.meter_second-1,model_ubar.meter_second-1,model_v.meter_second-1,model_vbar.meter_second-1,model_w.meter_second-1,model_zeta.meter,model_zooplankton.millimole_nitrogen_meter-3,model_z_rho.m,model_z_w.m,model_station
E1032.OC0821,1,1,False,2021-08-25,8/25/2021,16:48:00,9:48,,TH042,1,Niskin;Sterivex0.22µmfilter,95%EtOH,OlympicCoastNationalMarineSanctuary,TeahwhiteHead,33.3,47˚52.694'N,124˚44.139'W,1000,EmilyNortonandShannonBrown,,E1032,OC0821,2021_Aug_OCNMS_StormPetrel,47.878233333333334,-124.73565,America/Los_Angeles,2021-08-25T09:48:00,2021-08-25 16:48:00+00:00,237.71202,33.571,33.287,7.7131,3.461303,33.5452,1480.13,2.70139,5.7387e-01,0.4238,89.9469,-0.162,1,2020,1,0.000e+00,2021-08-25 17:05:18.527999913+00:00,TH042,0 days 00:17:18.527999913,41.577,3.453975,7.6173,2.16709,738393.701701,33.5549,26.195,41.225,TH042,2021-08-25 16:50:26.966399+00:00,2021-08-25 17:00:00+00:00,-0.5,-0.8666666666666667,7.612291e-05,0.0001251105,-0.7874051335039117,-0.3342208159675695,0.06755862,0.010199429,3.4597127,21.72941,1017.0491,7.6374764,0.85871005,2236.6013,-1.2185988,-0.22374566,2264.0813,-0.016627496,0.009762776,40.90185543754495,10.0,47.87610638116912,47.87610638116912,47.87835632766127,-2.6496994,-124.73185969013048,-124.72704402236144,-124.73185969013048,4.951491,140.54465,0.4800839,32.820274,-1.9287384,180.12704,3.4313008e-08,-0.0022332033,-0.0004921228,179.754,8.294047,0.037275825,0.103261344,-0.17934519,-0.21202958,-8.71866e-05,-1.3800358,0.034247447,-33.115131214569686,-15.87621289673274,TH042
E1033.OC0821,1,1,False,2021-08-25,8/25/2021,16:48:00,9:48,,TH042,3,Niskin;Sterivex0.22µmfilter,95%EtOH,OlympicCoastNationalMarineSanctuary,TeahwhiteHead,33.0,47˚52.694'N,124˚44.139'W,1000,EmilyNortonandShannonBrown,,E1033,OC0821,2021_Aug_OCNMS_StormPetrel,47.878233333333334,-124.73565,America/Los_Angeles,2021-08-25T09:48:00,2021-08-25 16:48:00+00:00,237.71202,33.571,33.287,7.7131,3.461303,33.5452,1480.13,2.70139,5.7387e-01,0.4238,89.9469,-0.162,1,2020,1,0.000e+00,2021-08-25 17:05:18.527999913+00:00,TH042,0 days 00:17:18.527999913,41.577,3.453975,7.6173,2.16709,738393.701701,33.5549,26.195,41.225,TH042,2021-08-25 16:50:26.966399+00:00,2021-08-25 17:00:00+00:00,-0.5,-0.8666666666666667,7.612291e-05,0.0001251105,-0.7874051335039117,-0.3342208159675695,0.06755862,0.010199429,3.4597127,21.72941,1017.0491,7.6374764,0.85871005,2236.6013,-1.2185988,-0.22374566,2264.0813,-0.016627496,0.009762776,40.90185543754495,10.0,47.87610638116912,47.87610638116912,47.87835632766127,-2.6496994,-124.73185969013048,-124.72704402236144,-124.73185969013048,4.951491,140.54465,0.4800839,32.820274,-1.9287384,180.12704,3.4313008e-08,-0.0022332033,-0.0004921228,179.754,8.294047,0.037275825,0.103261344,-0.17934519,-0.21202958,-8.71866e-05,-1.3800358,0.034247447,-33.115131214569686,-15.87621289673274,TH042
E1034.OC0821,1,1,False,2021-08-25,8/25/2021,16:48:00,9:48,,TH042,4,Niskin;Sterivex0.22µmfilter,95%EtOH,OlympicCoastNationalMarineSanctuary,TeahwhiteHead,33.0,47˚52.694'N,124˚44.139'W,1000,EmilyNortonandShannonBrown,,E1034,OC0821,2021_Aug_OCNMS_StormPetrel,47.878233333333334,-124.73565,America/Los_Angeles,2021-08-25T09:48:00,2021-08-25 16:48:00+00:00,237.71202,33.571,33.287,7.7131,3.461303,33.5452,1480.13,2.70139,5.7387e-01,0.4238,89.9469,-0.162,1,2020,1,0.000e+00,2021-08-25 17:05:18.527999913+00:00,TH042,0 days 00:17:18.527999913,41.577,3.453975,7.6173,2.16709,738393.701701,33.5549,26.195,41.225,TH042,2021-08-25 16:50:26.966399+00:00,2021-08-25 17:00:00+00:00,-0.5,-0.8666666666666667,7.612291e-05,0.0001251105,-0.7874051335039117,-0.3342208159675695,0.06755862,0.010199429,3.4597127,21.72941,1017.0491,7.6374764,0.85871005,2236.6013,-1.2185988,-0.22374566,2264.0813,-0.016627496,0.009762776,40.90185543754495,10.0,47.87610638116912,47.87610638116912,47.87835632766127,-2.6496994,-124.73185969013048,-124.72704402236144,-124.73185969013048,4.951491,140.54465,0.4800839,32.820274,-1.9287384,180.12704,3.4313008e-08,-0.0022332033,-0.0004921228,179.754,8.294047,0.037275825,0.103261344,-0.17934519,-0.21202958,-8.71866e-05,-1.3800358,0.034247447,-33.115131214569686,-15.87621289673274,TH042
E1323.OC1021,1,1,False,2021-10-08,10/8/2021,18:15:00,11:15,TH042-01,TH042,1,Niskin;Sterivex0.22µmfilter,95%EtOH,OlympicCoastNationalMarineSanctuary,TeahwhitHead,33.0,47˚52.673'N,124˚44.340'W,1000,SeanMcAllisterandEmilyNorton,,E1323,OC1021,2021_Oct_OCNMS_StormPetrel,47.87788333333334,-124.739,America/Los_Angeles,2021-10-08T11:15:00,2021-10-08 18:15:00+00:00,281.686366,24.148,23.944,11.0198,3.649786,32.4428,1490.76,5.65924,5.9829e-01,0.9561,78.7393,-0.108,12,2763,11,0.000e+00,2021-10-08 16:28:22.022400146+00:00,TH042,0 days 01:46:37.977599854,43.337,3.4905,8.2079,2.19669,738437.757257,33.3793,25.971,42.97,TH042,2021-10-08 18:10:27.004797+00:00,2021-10-08 18:00:00+00:00,-0.5,-0.8666666666666667,0.0010657485,0.0010340887,-0.7874051335039117,-0.3342208159675695,0.11484016,0.017335225,2.5862021,23.266796,1015.4955,5.574499,0.66878,2241.4004,-3.124386,5.383204,2263.201,-0.119802326,0.030296683,40.90185543754495,10.0,47.87610638116912,47.87610638116912,47.87835632766127,-83.25436,-124.73185969013048,-124.72704402236144,-124.73185969013048,-13.018229,131.48373,0.22179602,32.827534,-6.8263855,-48.274033,-4.862853e-07,-0.030160857,0.051722765,54.82494,8.875164,0.28034687,0.08819056,-0.0770882,-0.075502105,0.00048095195,-0.40005493,0.026686015,-32.922052037024606,-15.255678466469986,TH042
E1324.OC1021,1,1,False,2021-10-08,10/8/2021,18:15:00,11:15,TH042-02,TH042,2,Niskin;Sterivex0.22µmfilter,95%EtOH,OlympicCoastNationalMarineSanctuary,TeahwhitHead,33.0,47˚52.673'N,124˚44.340'W,1000,SeanMcAllisterandEmilyNorton,,E1324,OC1021,2021_Oct_OCNMS_StormPetrel,47.87788333333334,-124.739,America/Los_Angeles,2021-10-08T11:15:00,2021-10-08 18:15:00+00:00,281.686366,24.148,23.944,11.0198,3.649786,32.4428,1490.76,5.65924,5.9829e-01,0.9561,78.7393,-0.108,12,2763,11,0.000e+00,2021-10-08 16:28:22.022400146+00:00,TH042,0 days 01:46:37.977599854,43.337,3.4905,8.2079,2.19669,738437.757257,33.3793,25.971,42.97,TH042,2021-10-08 18:10:27.004797+00:00,2021-10-08 18:00:00+00:00,-0.5,-0.8666666666666667,0.0010657485,0.0010340887,-0.7874051335039117,-0.3342208159675695,0.11484016,0.017335225,2.5862021,23.266796,1015.4955,5.574499,0.66878,2241.4004,-3.124386,5.383204,2263.201,-0.119802326,0.030296683,40.90185543754495,10.0,47.87610638116912,47.87610638116912,47.87835632766127,-83.25436,-124.73185969013048,-124.72704402236144,-124.73185969013048,-13.018229,131.48373,0.22179602,32.827534,-6.8263855,-48.274033,-4.862853e-07,-0.030160857,0.051722765,54.82494,8.875164,0.28034687,0.08819056,-0.0770882,-0.075502105,0.00048095195,-0.40005493,0.026686015,-32.922052037024606,-15.255678466469986,TH042
E1325.OC1021,1,1,False,2021-10-08,10/8/2021,18:15:00,11:15,TH042-03,TH042,3,Niskin;Sterivex0.22µmfilter,95%EtOH,OlympicCoastNationalMarineSanctuary,TeahwhitHead,33.0,47˚52.673'N,124˚44.340'W,1000,SeanMcAllisterandEmilyNorton,,E1325,OC1021,2021_Oct_OCNMS_StormPetrel,47.87788333333334,-124.739,America/Los_Angeles,2021-10-08T11:15:00,2021-10-08 18:15:00+00:00,281.686366,24.148,23.944,11.0198,3.649786,32.4428,1490.76,5.65924,5.9829e-01,0.9561,78.7393,-0.108,12,2763,11,0.000e+00,2021-10-08 16:28:22.022400146+00:00,TH042,0 days 01:46:37.977599854,43.337,3.4905,8.2079,2.19669,738437.757257,33.3793,25.971,42.97,TH042,2021-10-08 18:10:27.004797+00:00,2021-10-08 18:00:00+00:00,-0.5,-0.8666666666666667,0.0010657485,0.0010340887,-0.7874051335039117,-0.3342208159675695,0.11484016,0.017335225,2.5862021,23.266796,1015.4955,5.574499,0.66878,2241.4004,-3.124386,5.383204,2263.201,-0.119802326,0.030296683,40.90185543754495,10.0,47.87610638116912,47.87610638116912,47.87835632766127,-83.25436,-124.73185969013048,-124.72704402236144,-124.73185969013048,-13.018229,131.48373,0.22179602,32.827534,-6.8263855,-48.274033,-4.862853e-07,-0.030160857,0.051722765,54.82494,8.875164,0.28034687,0.08819056,-0.0770882,-0.075502105,0.00048095195,-0.40005493,0.026686015,-32.922052037024606,-15.255678466469986,TH042
E1172.OC0622,1,1,False,2022-06-21,6/21/2022,20:28:00,13:28,,TH042,1,Niskin;Sterivex0.22µmfilter,95%EtOH,OlympicCoastNationalMarineSanctuary,TeahwhitHead,32.4,47˚52.699'N,124˚44.187'W,1000,ShannonBrown,,E1172,OC0622,2022_June_OCNMS_StormPetrel,47.87831666666666,-124.73645,America/Los_Angeles,2022-06-21T13:28:00,2022-06-21 20:28:00+00:00,172.853623,33.082,32.802,8.5580,3.432094,32.4400,1481.95,5.49772,8.5470e-01,0.3790,90.9603,-0.538,1,1059,1,0.000e+00,2022-06-21 20:29:13.027199922+00:00,TH042,0 days 00:01:13.027199922,41.824,3.443876,7.5757,3.56137,738693.854479,33.4858,26.1466,41.47,TH042,2022-06-21 20:30:26.985598+00:00,2022-06-21 20:00:00+00:00,-0.5,-0.8666666666666667,0.00022741797,0.00027719804,-0.7874051335039117,-0.3342208159675695,0.22589888,0.034099292,3.218759,21.564064,1027.4667,11.873801,1.2755173,2217.98,0.16596748,4.7615213,2268.7322,0.00852045,0.04039942,40.90185543754495,10.0,47.87610638116912,47.87610638116912,47.87835632766127,-20.946508,-124.73185969013048,-124.72704402236144,-124.73185969013048,-1.0422055,154.35619,0.30380625,32.819725,-8.952457,85.6189,2.2531991e-07,0.0016883952,0.033914723,116.56007,7.926259,-0.04129958,0.106426954,-0.30068782,-0.27376732,-5.9286274e-05,-0.98172325,0.033151284,-33.03665432034365,-15.62399711942047,TH042
E1173.OC0622,1,1,False,2022-06-21,6/21/2022,20:28:00,13:28,,TH042,2,Niskin;Sterivex0.22µmfilter,95%EtOH,OlympicCoastNationalMarineSanctuary,TeahwhitHead,32.2,47˚52.699'N,124˚44.187'W,1000,ShannonBrown,Niskinfailedleaktest,E1173,OC0622,2022_June_OCNMS_StormPetrel,47.87831666666666,-124.73645,America/Los_Angeles,2022-06-21T13:28:00,2022-06-21 20:28:00+00:00,172.853623,33.082,32.802,8.5580,3.432094,32.4400,1481.95,5.49772,8.5470e-01,0.3790,90.9603,-0.538,1,1059,1,0.000e+00,2022-06-21 20:29:13.027199922+00:00,TH042,0 days 00:01:13.027199922,41.824,3.443876,7.5757,3.56137,738693.854479,33.4858,26.1466,41.47,TH042,2022-06-21 20:30:26.985598+00:00,2022-06-21 20:00:00+00:00,-0.5,-0.8666666666666667,0.00022741797,0.00027719804,-0.7874051335039117,-0.3342208159675695,0.22589888,0.034099292,3.218759,21.564064,1027.4667,11.873801,1.2755173,2217.98,0.16596748,4.7615213,2268.7322,0.00852045,0.04039942,40.90185543754495,10.0,47.87610638116912,47.87610638116912,47.87835632766127,-20.946508,-124.73185969013048,-124.72704402236144,-124.73185969013048,-1.0422055,154.35619,0.30380625,32.819725,-8.952457,85.6189,2.2531991e-07,0.0016883952,0.033914723,116.56007,7.926259,-0.04129958,0.106426954,-0.30068782,-0.27376732,-5.9286274e-05,-0.98172325,0.033151284,-33.03665432034365,-15.62399711942047,TH042
E1174.OC0622,1,1,False,2022-06-21,6/21/2022,20:28:00,13:28,,TH042,4,Niskin;Sterivex0.22µmfilter,95%EtOH,OlympicCoastNationalMarineSanctuary,TeahwhitHead,32.5,47˚52.699'N,124˚44.187'W,1000,ShannonBrown,,E1174,OC0622,2022_June_OCNMS_StormPetrel,47.87831666666666,-124.73645,America/Los_Angeles,2022-06-21T13:28:00,2022-06-21 20:28:00+00:00,172.853623,33.082,32.802,8.5580,3.432094,32.4400,1481.95,5.49772,8.5470e-01,0.3790,90.9603,-0.538,1,1059,1,0.000e+00,2022-06-21 20:29:13.027199922+00:00,TH042,0 days 00:01:13.027199922,41.824,3.443876,7.5757,3.56137,738693.854479,33.4858,26.1466,41.47,TH042,2022-06-21 20:30:26.985598+00:00,2022-06-21 20:00:00+00:00,-0.5,-0.8666666666666667,0.00022741797,0.00027719804,-0.7874051335039117,-0.3342208159675695,0.22589888,0.034099292,3.218759,21.564064,1027.4667,11.873801,1.2755173,2217.98,0.16596748,4.7615213,2268.7322,0.00852045,0.04039942,40.90185543754495,10.0,47.87610638116912,47.87610638116912,47.87835632766127,-20.946508,-124.73185969013048,-124.72704402236144,-124.73185969013048,-1.0422055,154.35619,0.30380625,32.819725,-8.952457,85.6189,2.2531991e-07,0.0016883952,0.033914723,116.56007,7.926259,-0.04129958,0.106426954,-0.30068782,-0.27376732,-5.9286274e-05,-0.98172325,0.033151284,-33.03665432034365,-15.62399711942047,TH042
E1389.OC0722,1,1,False,2022-07-19,7/19/2022,19:58:00,12:58,9,TH042,9,Niskin;Sterivex0.22µmfilter,95%EtOH,OlympicCoastNationalMarineSanctuary,TeahwhitHead,32.9,47˚52.699'N,124˚44.187'W,1000,ShannonBrown,,E1389,OC0722,2022_July_OCNMS_StormPetrel,47.87831666666666,-124.73645,America/Los_Angeles,2022-07-19T12:58:00,2022-07-19 19:58:00+00:00,200.835341,33.082,32.802,7.6659,3.456883,33.5433,1479.94,3.76307,5.0061e-01,0.4518,89.3187,-0.538,1,1022,1,0.000e+00,2022-07-19 20:02:53.462400155+00:00,TH042,0 days 00:04:53.462400155,42.167,3.451,7.6668,3.50268,738721.833646,33.4748,26.125,41.809,TH042,2022-07-19 20:00:27.014401+00:00,2022-07-19 20:00:00+00:00,-0.5,-0.8666666666666667,0.00030610958,0.00036194953,-0.7874051335039117,-0.3342208159675695,0.3086129,0.04658314,4.229084,27.66816,1019.15125,11.652171,1.2241665,2274.5168,3.309589,-5.797744,2269.464,-0.0558155,0.042756878,40.90185543754495,10.0,47.87610638116912,47.87610638116912,47.87835632766127,30.008108,-124.73185969013048,-124.72704402236144,-124.73185969013048,22.128782,104.4384,0.398027,32.8811,21.975504,465.08524,-3.806389e-07,0.024312655,-0.04214038,390.97284,7.795208,0.15975466,0.1848974,-0.27306563,-0.3498325,-0.00041763292,-1.1568252,0.034268174,-33.071153503238925,-15.734873554024366,TH042
E1390.OC0722,1,1,False,2022-07-19,7/19/2022,19:58:00,12:58,10,TH042,10,Niskin;Sterivex0.22µmfilter,95%EtOH,OlympicCoastNationalMarineSanctuary,TeahwhitHead,33.3,47˚52.699'N,124˚44.187'W,1000,ShannonBrown,,E1390,OC0722,2022_July_OCNMS_StormPetrel,47.87831666666666,-124.73645,America/Los_Angeles,2022-07-19T12:58:00,2022-07-19 19:58:00+00:00,200.835341,33.082,32.802,7.6659,3.456883,33.5433,1479.94,3.76307,5.0061e-01,0.4518,89.3187,-0.538,1,1022,1,0.000e+00,2022-07-19 20:02:53.462400155+00:00,TH042,0 days 00:04:53.462400155,42.167,3.451,7.6668,3.50268,738721.833646,33.4748,26.125,41.809,TH042,2022-07-19 20:00:27.014401+00:00,2022-07-19 20:00:00+00:00,-0.5,-0.8666666666666667,0.00030610958,0.00036194953,-0.7874051335039117,-0.3342208159675695,0.3086129,0.04658314,4.229084,27.66816,1019.15125,11.652171,1.2241665,2274.5168,3.309589,-5.797744,2269.464,-0.0558155,0.042756878,40.90185543754495,10.0,47.87610638116912,47.87610638116912,47.87835632766127,30.008108,-124.73185969013048,-124.72704402236144,-124.73185969013048,22.128782,104.4384,0.398027,32.8811,21.975504,465.08524,-3.806389e-07,0.024312655,-0.04214038,390.97284,7.795208,0.15975466,0.1848974,-0.27306563,-0.3498325,-0.00041763292,-1.1568252,0.034268174,-33.071153503238925,-15.734873554024366,TH042
E1391.OC0722,1,1,False,2022-07-19,7/19/2022,19:58:00,12:58,12,TH042,12,Niskin;Sterivex0.22µmfilter,95%EtOH,OlympicCoastNationalMarineSanctuary,TeahwhitHead,33.3,47˚52.699'N,124˚44.187'W,1000,ShannonBrown,,E1391,OC0722,2022_July_OCNMS_StormPetrel,47.87831666666666,-124.73645,America/Los_Angeles,2022-07-19T12:58:00,2022-07-19 19:58:00+00:00,200.835341,33.082,32.802,7.6659,3.456883,33.5433,1479.94,3.76307,5.0061e-01,0.4518,89.3187,-0.538,1,1022,1,0.000e+00,2022-07-19 20:02:53.462400155+00:00,TH042,0 days 00:04:53.462400155,42.167,3.451,7.6668,3.50268,738721.833646,33.4748,26.125,41.809,TH042,2022-07-19 20:00:27.014401+00:00,2022-07-19 20:00:00+00:00,-0.5,-0.8666666666666667,0.00030610958,0.00036194953,-0.7874051335039117,-0.3342208159675695,0.3086129,0.04658314,4.229084,27.66816,1019.15125,11.652171,1.2241665,2274.5168,3.309589,-5.797744,2269.464,-0.0558155,0.042756878,40.90185543754495,10.0,47.87610638116912,47.87610638116912,47.87835632766127,30.008108,-124.73185969013048,-124.72704402236144,-124.73185969013048,22.128782,104.4384,0.398027,32.8811,21.975504,465.08524,-3.806389e-07,0.024312655,-0.04214038,390.97284,7.795208,0.15975466,0.1848974,-0.27306563,-0.3498325,-0.00041763292,-1.1568252,0.034268174,-33.071153503238925,-15.734873554024366,TH042
E1229.OC0822,1,1,False,2022-08-22,8/22/2022,17:59:00,10:59,,TH042,2,Niskin;Sterivex0.22µmfilter,95%EtOH,OlympicCoastNationalMarineSanctuary,TeahwhitHead,32.8,47˚52.532'N,124˚43.992'W,1000,SeanMcAllister,,E1229,OC0822,2022_Aug_OCNMS_StormPetrel,47.87553333333334,-124.7332,America/Los_Angeles,2022-08-22T10:59:00,2022-08-22 17:59:00+00:00,234.754728,33.351,33.069,7.7042,3.436915,33.2915,1479.78,3.93259,4.7619e-01,0.0640,98.4124,-0.162,1,1426,1,0.000e+00,2022-08-22 18:06:48.499199991+00:00,TH042,0 days 00:07:48.499199991,43.173,3.452099,7.6737,1.864,738755.750313,33.4795,26.1277,42.807,TH042,2022-08-22 18:00:27.043205+00:00,2022-08-22 18:00:00+00:00,-0.5,-0.8666666666666667,5.6171506e-05,0.00010578275,-0.7874051335039117,-0.3342208159675695,0.14664158,0.022165544,2.3411796,21.310184,1019.8699,9.936206,1.1179918,2220.0835,1.0622144,-2.2367463,2265.665,0.0035729876,3.6213498e-06,40.90185543754495,10.0,47.87610638116912,47.87610638116912,47.87835632766127,2.487262,-124.73185969013048,-124.72704402236144,-124.73185969013048,10.287449,152.5899,0.50848824,32.858723,1.7633606,314.08063,-3.1670535e-08,0.0020008492,-0.0038535234,299.54254,8.124418,0.049196262,0.0748236,-0.05667154,-0.095529616,-0.00037668736,0.2905889,0.034706865,-32.78597903349698,-14.818355370361152,TH042
E1230.OC0822,1,1,False,2022-08-22,8/22/2022,17:59:00,10:59,,TH042,3,Niskin;Sterivex0.22µmfilter,95%EtOH,OlympicCoastNationalMarineSanctuary,TeahwhitHead,32.9,47˚52.532'N,124˚43.992'W,1000,SeanMcAllister,,E1230,OC0822,2022_Aug_OCNMS_StormPetrel,47.87553333333334,-124.7332,America/Los_Angeles,2022-08-22T10:59:00,2022-08-22 17:59:00+00:00,234.754728,33.351,33.069,7.7042,3.436915,33.2915,1479.78,3.93259,4.7619e-01,0.0640,98.4124,-0.162,1,1426,1,0.000e+00,2022-08-22 18:06:48.499199991+00:00,TH042,0 days 00:07:48.499199991,43.173,3.452099,7.6737,1.864,738755.750313,33.4795,26.1277,42.807,TH042,2022-08-22 18:00:27.043205+00:00,2022-08-22 18:00:00+00:00,-0.5,-0.8666666666666667,5.6171506e-05,0.00010578275,-0.7874051335039117,-0.3342208159675695,0.14664158,0.022165544,2.3411796,21.310184,1019.8699,9.936206,1.1179918,2220.0835,1.0622144,-2.2367463,2265.665,0.0035729876,3.6213498e-06,40.90185543754495,10.0,47.87610638116912,47.87610638116912,47.87835632766127,2.487262,-124.73185969013048,-124.72704402236144,-124.73185969013048,10.287449,152.5899,0.50848824,32.858723,1.7633606,314.08063,-3.1670535e-08,0.0020008492,-0.0038535234,299.54254,8.124418,0.049196262,0.0748236,-0.05667154,-0.095529616,-0.00037668736,0.2905889,0.034706865,-32.78597903349698,-14.818355370361152,TH042
E1231.OC0822,1,1,False,2022-08-22,8/22/2022,17:59:00,10:59,,TH042,4,Niskin;Sterivex0.22µmfilter,95%EtOH,OlympicCoastNationalMarineSanctuary,TeahwhitHead,33.0,47˚52.532'N,124˚43.992'W,1000,SeanMcAllister,,E1231,OC0822,2022_Aug_OCNMS_StormPetrel,47.87553333333334,-124.7332,America/Los_Angeles,2022-08-22T10:59:00,2022-08-22 17:59:00+00:00,234.754728,33.351,33.069,7.7042,3.436915,33.2915,1479.78,3.93259,4.7619e-01,0.0640,98.4124,-0.162,1,1426,1,0.000e+00,2022-08-22 18:06:48.499199991+00:00,TH042,0 days 00:07:48.499199991,43.173,3.452099,7.6737,1.864,738755.750313,33.4795,26.1277,42.807,TH042,2022-08-22 18:00:27.043205+00:00,2022-08-22 18:00:00+00:00,-0.5,-0.8666666666666667,5.6171506e-05,0.00010578275,-0.7874051335039117,-0.3342208159675695,0.14664158,0.022165544,2.3411796,21.310184,1019.8699,9.936206,1.1179918,2220.0835,1.0622144,-2.2367463,2265.665,0.0035729876,3.6213498e-06,40.90185543754495,10.0,47.87610638116912,47.87610638116912,47.87835632766127,2.487262,-124.73185969013048,-124.72704402236144,-124.73185969013048,10.287449,152.5899,0.50848824,32.858723,1.7633606,314.08063,-3.1670535e-08,0.0020008492,-0.0038535234,299.54254,8.124418,0.049196262,0.0748236,-0.05667154,-0.095529616,-0.00037668736,0.2905889,0.034706865,-32.78597903349698,-14.818355370361152,TH042
E1265.OC0922,1,1,False,2022-09-20,9/20/2022,18:00:00,11:00,,TH042,10,Niskin;Sterivex0.22µmfilter,95%EtOH,OlympicCoastNationalMarineSanctuary,TeahwhitHead,33.2,47˚52.467'N,124˚44.070'W,1000,MattGalaska,,E1265,OC0922,2022_Sept_OCNMS_StormPetrel,47.87445,-124.7345,America/Los_Angeles,2022-09-20T11:00:00,2022-09-20 18:00:00+00:00,263.786939,33.620,33.335,7.8427,3.467738,33.4898,1480.56,1.48529,4.5177e-01,0.3561,91.4814,-0.431,1,1086,1,0.000e+00,2022-09-20 18:53:11.529600120+00:00,TH042,0 days 00:53:11.529600120,43.031,3.460556,7.7033,0.43669,738784.750313,33.5422,26.1727,42.666,TH042,2022-09-20 18:00:27.043205+00:00,2022-09-20 18:00:00+00:00,-0.5,-0.8666666666666667,6.5051245e-05,0.000101817765,-0.7874051335039117,-0.3342208159675695,0.08568966,0.0129341,4.5966163,26.354017,1015.26636,7.1355014,0.82419187,2286.3865,1.0676161,0.050673954,2272.0056,-0.004021476,0.0042273584,40.90185543754495,10.0,47.87610638116912,47.87610638116912,47.87835632766127,-0.35434264,-124.73185969013048,-124.72704402236144,-124.73185969013048,-73.13327,94.381744,0.4283672,32.991127,0.19658972,420.31583,4.530482e-09,9.2897186e-05,3.910422e-06,493.60684,8.046894,0.054229703,0.03660554,-0.08367435,-0.154157,-2.1775519e-05,0.45671517,0.036567412,-32.753248258976306,-14.713162398350994,TH042
E1266.OC0922,1,1,False,2022-09-20,9/20/2022,18:00:00,11:00,,TH042,9,Niskin;Sterivex0.22µmfilter,95%EtOH,OlympicCoastNationalMarineSanctuary,TeahwhitHead,32.7,47˚52.467'N,124˚44.070'W,1000,MattGalaska,,E1266,OC0922,2022_Sept_OCNMS_StormPetrel,47.87445,-124.7345,America/Los_Angeles,2022-09-20T11:00:00,2022-09-20 18:00:00+00:00,263.786939,33.620,33.335,7.8427,3.467738,33.4898,1480.56,1.48529,4.5177e-01,0.3561,91.4814,-0.431,1,1086,1,0.000e+00,2022-09-20 18:53:11.529600120+00:00,TH042,0 days 00:53:11.529600120,43.031,3.460556,7.7033,0.43669,738784.750313,33.5422,26.1727,42.666,TH042,2022-09-20 18:00:27.043205+00:00,2022-09-20 18:00:00+00:00,-0.5,-0.8666666666666667,6.5051245e-05,0.000101817765,-0.7874051335039117,-0.3342208159675695,0.08568966,0.0129341,4.5966163,26.354017,1015.26636,7.1355014,0.82419187,2286.3865,1.0676161,0.050673954,2272.0056,-0.004021476,0.0042273584,40.90185543754495,10.0,47.87610638116912,47.87610638116912,47.87835632766127,-0.35434264,-124.73185969013048,-124.72704402236144,-124.73185969013048,-73.13327,94.381744,0.4283672,32.991127,0.19658972,420.31583,4.530482e-09,9.2897186e-05,3.910422e-06,493.60684,8.046894,0.054229703,0.03660554,-0.08367435,-0.154157,-2.1775519e-05,0.45671517,0.036567412,-32.753248258976306,-14.713162398350994,TH042
E1267.OC0922,1,1,False,2022-09-20,9/20/2022,18:00:00,11:00,,TH042,8,Niskin;Sterivex0.22µmfilter,95%EtOH,OlympicCoastNationalMarineSanctuary,TeahwhitHead,33.1,47˚52.467'N,124˚44.070'W,1000,MattGalaska,,E1267,OC0922,2022_Sept_OCNMS_StormPetrel,47.87445,-124.7345,America/Los_Angeles,2022-09-20T11:00:00,2022-09-20 18:00:00+00:00,263.786939,33.620,33.335,7.8427,3.467738,33.4898,1480.56,1.48529,4.5177e-01,0.3561,91.4814,-0.431,1,1086,1,0.000e+00,2022-09-20 18:53:11.529600120+00:00,TH042,0 days 00:53:11.529600120,43.031,3.460556,7.7033,0.43669,738784.750313,33.5422,26.1727,42.666,TH042,2022-09-20 18:00:27.043205+00:00,2022-09-20 18:00:00+00:00,-0.5,-0.8666666666666667,6.5051245e-05,0.000101817765,-0.7874051335039117,-0.3342208159675695,0.08568966,0.0129341,4.5966163,26.354017,1015.26636,7.1355014,0.82419187,2286.3865,1.0676161,0.050673954,2272.0056,-0.004021476,0.0042273584,40.90185543754495,10.0,47.87610638116912,47.87610638116912,47.87835632766127,-0.35434264,-124.73185969013048,-124.72704402236144,-124.73185969013048,-73.13327,94.381744,0.4283672,32.991127,0.19658972,420.31583,4.530482e-09,9.2897186e-05,3.910422e-06,493.60684,8.046894,0.054229703,0.03660554,-0.08367435,-0.154157,-2.1775519e-05,0.45671517,0.036567412,-32.753248258976306,-14.713162398350994,TH042
E1845.OC0623,1,1,False,2023-06-15,6/15/2023,21:30:00,14:30,Sample11,TH042,11,Niskin;Sterivex0.22µmfilter,95%EtOH,OlympicCoastNationalMarineSanctuary,TeahwhitHead,33.5,47˚52.699'N,124˚44.187'W,1000,MattGalaska,,E1845,OC0623,2023_June_OCNMS_StormPetrel,47.87831666666666,-124.73645,America/Los_Angeles,2023-06-15T14:30:00,2023-06-15 21:30:00+00:00,166.672211,33.325,33.045,7.9722,3.486291,33.5644,1481.14,3.7117,8.3028e-01,0.4465,89.4385,-0.431,11,1439,4,0.000e+00,2023-06-15 16:07:59.030400086+00:00,TH042,0 days 05:22:00.969599914,,,,,,,,,,,2023-06-15 21:00:00+00:00,-0.5,-0.8666666666666667,0.0004061892,0.00047495659,-0.7874051335039117,-0.3342208159675695,0.16333444,0.024662802,3.0503309,28.150948,1023.3284,7.297045,0.697014,2281.5605,3.9895728,-1.1002269,2292.3994,-0.03662636,-0.0047777845,40.90185543754495,10.0,47.87610638116912,47.87610638116912,47.87835632766127,0.38287404,-124.73185969013048,-124.72704402236144,-124.73185969013048,-54.903946,106.695786,0.028181624,33.35,9.771533,738.3835,-1.1277439e-08,0.0103028,-0.0028094768,783.133,7.181054,0.14312738,0.1814956,-0.00364454,-0.109717876,0.00023784522,0.5343334,0.0060686497,-32.737955647334054,-14.664013690689645,TH042
E1846.OC0623,1,1,False,2023-06-15,6/15/2023,21:30:00,14:30,Sample9,TH042,9,Niskin;Sterivex0.22µmfilter,95%EtOH,OlympicCoastNationalMarineSanctuary,TeahwhitHead,34.2,47˚52.699'N,124˚44.187'W,1000,MattGalaska,,E1846,OC0623,2023_June_OCNMS_StormPetrel,47.87831666666666,-124.73645,America/Los_Angeles,2023-06-15T14:30:00,2023-06-15 21:30:00+00:00,166.672211,33.325,33.045,7.9722,3.486291,33.5644,1481.14,3.7117,8.3028e-01,0.4465,89.4385,-0.431,11,1439,4,0.000e+00,2023-06-15 16:07:59.030400086+00:00,TH042,0 days 05:22:00.969599914,,,,,,,,,,,2023-06-15 21:00:00+00:00,-0.5,-0.8666666666666667,0.0004061892,0.00047495659,-0.7874051335039117,-0.3342208159675695,0.16333444,0.024662802,3.0503309,28.150948,1023.3284,7.297045,0.697014,2281.5605,3.9895728,-1.1002269,2292.3994,-0.03662636,-0.0047777845,40.90185543754495,10.0,47.87610638116912,47.87610638116912,47.87835632766127,0.38287404,-124.73185969013048,-124.72704402236144,-124.73185969013048,-54.903946,106.695786,0.028181624,33.35,9.771533,738.3835,-1.1277439e-08,0.0103028,-0.0028094768,783.133,7.181054,0.14312738,0.1814956,-0.00364454,-0.109717876,0.00023784522,0.5343334,0.0060686497,-32.737955647334054,-14.664013690689645,TH042
E1847.OC0623,1,1,False,2023-06-15,6/15/2023,21:30:00,14:30,Sample5,TH042,5,Niskin;Sterivex0.22µmfilter,95%EtOH,OlympicCoastNationalMarineSanctuary,TeahwhitHead,34.2,47˚52.699'N,124˚44.187'W,1000,MattGalaska,,E1847,OC0623,2023_June_OCNMS_StormPetrel,47.87831666666666,-124.73645,America/Los_Angeles,2023-06-15T14:30:00,2023-06-15 21:30:00+00:00,166.672211,33.325,33.045,7.9722,3.486291,33.5644,1481.14,3.7117,8.3028e-01,0.4465,89.4385,-0.431,11,1439,4,0.000e+00,2023-06-15 16:07:59.030400086+00:00,TH042,0 days 05:22:00.969599914,,,,,,,,,,,2023-06-15 21:00:00+00:00,-0.5,-0.8666666666666667,0.0004061892,0.00047495659,-0.7874051335039117,-0.3342208159675695,0.16333444,0.024662802,3.0503309,28.150948,1023.3284,7.297045,0.697014,2281.5605,3.9895728,-1.1002269,2292.3994,-0.03662636,-0.0047777845,40.90185543754495,10.0,47.87610638116912,47.87610638116912,47.87835632766127,0.38287404,-124.73185969013048,-124.72704402236144,-124.73185969013048,-54.903946,106.695786,0.028181624,33.35,9.771533,738.3835,-1.1277439e-08,0.0103028,-0.0028094768,783.133,7.181054,0.14312738,0.1814956,-0.00364454,-0.109717876,0.00023784522,0.5343334,0.0060686497,-32.737955647334054,-14.664013690689645,TH042
E1873.OC0723,1,1,False,2023-07-26,7/26/2023,19:54:00,12:54,,TH042,3,Niskin;Sterivex0.22µmfilter,95%EtOH,OlympicCoastNationalMarineSanctuary,TeahwhitHead,33.6,47˚52.699'N,124˚44.187'W,1000,ShannonBrown,,E1873,OC0723,2023_July_OCNMS_StormPetrel,47.87831666666666,-124.73645,America/Los_Angeles,2023-07-26T12:54:00,2023-07-26 19:54:00+00:00,207.832245,33.595,33.312,8.0525,3.503696,33.6730,1481.58,3.5318,1.2821e+00,0.6480,85.0434,-1.239,3,969,1,0.000e+00,2023-07-26 19:58:25.968000120+00:00,TH042,0 days 00:04:25.968000120,,,,,,,,,,,2023-07-26 20:00:00+00:00,-0.5,-0.8666666666666667,0.00025446183,0.0002787516,-0.7874051335039117,-0.3342208159675695,0.47064853,0.071040645,6.1229973,29.578514,1022.1484,12.262742,1.2629583,2325.7317,2.9646933,-3.4229193,2288.7183,0.0022102792,-0.008436892,40.90185543754495,10.0,47.87610638116912,47.87610638116912,47.87835632766127,1.5009954,-124.73185969013048,-124.72704402236144,-124.73185969013048,-66.037735,70.59501,0.23623383,33.269516,5.2766514,707.7958,-1.9536335e-08,0.016070686,-0.016664527,767.05585,7.6212707,-0.017546285,0.02256467,0.076294884,0.034870412,4.5522404e-05,-0.42199257,0.019616479,-32.92637426567332,-15.26956961582173,TH042
E1874.OC0723,1,1,False,2023-07-26,7/26/2023,19:54:00,12:54,,TH042,5,Niskin;Sterivex0.22µmfilter,95%EtOH,OlympicCoastNationalMarineSanctuary,TeahwhitHead,33.7,47˚52.699'N,124˚44.187'W,1000,ShannonBrown,,E1874,OC0723,2023_July_OCNMS_StormPetrel,47.87831666666666,-124.73645,America/Los_Angeles,2023-07-26T12:54:00,2023-07-26 19:54:00+00:00,207.832245,33.595,33.312,8.0525,3.503696,33.6730,1481.58,3.5318,1.2821e+00,0.6480,85.0434,-1.239,3,969,1,0.000e+00,2023-07-26 19:58:25.968000120+00:00,TH042,0 days 00:04:25.968000120,,,,,,,,,,,2023-07-26 20:00:00+00:00,-0.5,-0.8666666666666667,0.00025446183,0.0002787516,-0.7874051335039117,-0.3342208159675695,0.47064853,0.071040645,6.1229973,29.578514,1022.1484,12.262742,1.2629583,2325.7317,2.9646933,-3.4229193,2288.7183,0.0022102792,-0.008436892,40.90185543754495,10.0,47.87610638116912,47.87610638116912,47.87835632766127,1.5009954,-124.73185969013048,-124.72704402236144,-124.73185969013048,-66.037735,70.59501,0.23623383,33.269516,5.2766514,707.7958,-1.9536335e-08,0.016070686,-0.016664527,767.05585,7.6212707,-0.017546285,0.02256467,0.076294884,0.034870412,4.5522404e-05,-0.42199257,0.019616479,-32.92637426567332,-15.26956961582173,TH042
E1875.OC0723,1,1,False,2023-07-26,7/26/2023,19:54:00,12:54,,TH042,11,Niskin;Sterivex0.22µmfilter,95%EtOH,OlympicCoastNationalMarineSanctuary,TeahwhitHead,33.7,47˚52.699'N,124˚44.187'W,1000,ShannonBrown,,E1875,OC0723,2023_July_OCNMS_StormPetrel,47.87831666666666,-124.73645,America/Los_Angeles,2023-07-26T12:54:00,2023-07-26 19:54:00+00:00,207.832245,33.595,33.312,8.0525,3.503696,33.6730,1481.58,3.5318,1.2821e+00,0.6480,85.0434,-1.239,3,969,1,0.000e+00,2023-07-26 19:58:25.968000120+00:00,TH042,0 days 00:04:25.968000120,,,,,,,,,,,2023-07-26 20:00:00+00:00,-0.5,-0.8666666666666667,0.00025446183,0.0002787516,-0.7874051335039117,-0.3342208159675695,0.47064853,0.071040645,6.1229973,29.578514,1022.1484,12.262742,1.2629583,2325.7317,2.9646933,-3.4229193,2288.7183,0.0022102792,-0.008436892,40.90185543754495,10.0,47.87610638116912,47.87610638116912,47.87835632766127,1.5009954,-124.73185969013048,-124.72704402236144,-124.73185969013048,-66.037735,70.59501,0.23623383,33.269516,5.2766514,707.7958,-1.9536335e-08,0.016070686,-0.016664527,767.05585,7.6212707,-0.017546285,0.02256467,0.076294884,0.034870412,4.5522404e-05,-0.42199257,0.019616479,-32.92637426567332,-15.26956961582173,TH042
